refid	rank	relevance score
43474	1	100
26763	2	100
15828	3	100
46134	4	100
37494	5	100
37659	6	100
3520	7	100
47659	8	100
14666	9	100
18755	10	100
4966	11	100
36401	12	100
37556	13	100
40756	14	100
20205	15	100
36827	16	100
34139	17	100
20592	18	100
44344	19	100
39494	20	100
39160	21	100
30499	22	100
43104	23	100
40350	24	100
38691	25	100
46839	26	100
25957	27	100
5920	28	100
30555	29	100
16592	30	100
17964	31	100
12146	32	100
35395	33	100
13259	34	100
17594	35	99
12459	36	99
32117	37	99
29940	38	99
27270	39	99
31822	40	99
22878	41	99
42760	42	99
31733	43	99
14871	44	99
41438	45	99
2108	46	99
37839	47	99
6993	48	99
3850	49	99
16935	50	99
5272	51	99
34219	52	99
22718	53	99
3632	54	99
37265	55	99
24577	56	99
43895	57	99
33311	58	99
28326	59	99
38128	60	99
19504	61	99
35196	62	99
47707	63	99
46620	64	99
7690	65	99
42849	66	99
15631	67	99
40928	68	99
46119	69	99
15722	70	99
6805	71	99
23121	72	99
19449	73	99
2213	74	99
17008	75	99
22417	76	99
42212	77	99
37043	78	99
34107	79	99
27601	80	99
20140	81	99
46437	82	99
20507	83	99
12861	84	99
42780	85	99
46286	86	99
43033	87	99
39050	88	99
25414	89	99
42483	90	99
24063	91	99
14794	92	99
6777	93	99
5830	94	99
3121	95	99
48407	96	99
31253	97	99
29790	98	99
44763	99	99
34892	100	99
44916	101	99
38902	102	98
35520	103	98
36112	104	98
34682	105	98
8147	106	98
25085	107	98
38935	108	98
13171	109	98
1814	110	98
14584	111	98
35982	112	98
48511	113	98
28317	114	98
29303	115	98
33996	116	98
10809	117	98
25328	118	98
47056	119	98
8007	120	98
47342	121	98
14017	122	98
39530	123	98
46563	124	98
10609	125	98
603	126	98
38339	127	98
46955	128	98
4008	129	98
40950	130	98
38748	131	98
6756	132	98
47581	133	98
41732	134	98
44704	135	98
41685	136	98
13800	137	98
1668	138	98
18098	139	98
32390	140	98
37858	141	98
44259	142	98
6047	143	98
22660	144	98
12684	145	98
6871	146	98
38240	147	98
4847	148	98
5701	149	98
16080	150	98
20874	151	98
17706	152	98
14229	153	98
8027	154	98
828	155	98
39234	156	98
4526	157	98
6843	158	98
12987	159	98
34225	160	98
46379	161	98
45885	162	98
11449	163	98
35361	164	98
19135	165	98
8942	166	98
11252	167	98
13595	168	98
14135	169	98
15901	170	98
48251	171	97
36501	172	97
35225	173	97
23505	174	97
12839	175	97
47120	176	97
48198	177	97
946	178	97
2744	179	97
11280	180	97
6024	181	97
11048	182	97
33317	183	97
42925	184	97
16024	185	97
20983	186	97
18612	187	97
26655	188	97
2974	189	97
40621	190	97
12759	191	97
32847	192	97
192	193	97
16950	194	97
38778	195	97
27530	196	97
38302	197	97
44879	197	97
37597	199	97
9768	200	97
30142	201	97
3139	202	97
2968	203	97
29273	204	97
33448	205	97
19780	206	97
12747	207	97
24808	208	97
25868	209	97
45132	210	97
24006	211	97
44933	212	97
44384	213	97
143	214	97
20724	215	97
10779	216	97
22017	217	97
43697	218	97
43873	219	97
37891	220	97
10603	221	97
16310	222	97
25292	223	97
29191	224	97
31802	225	97
34765	226	97
23427	227	97
30370	228	97
9980	229	97
38823	230	97
23357	231	97
41586	232	97
7265	233	97
43105	234	97
44000	235	97
4146	236	97
45189	237	97
15338	238	96
32874	239	96
14065	240	96
35828	241	96
23056	242	96
5493	243	96
10631	244	96
42320	245	96
33676	246	96
48347	247	96
34339	248	96
5295	249	96
27477	250	96
27379	251	96
9845	252	96
35226	253	96
27057	254	96
15825	255	96
28662	256	96
5288	257	96
14951	258	96
18226	259	96
23334	260	96
17281	261	96
26066	262	96
33916	262	96
46706	264	96
43638	265	96
9610	266	96
42351	267	96
18680	268	96
27008	269	96
23046	270	96
18151	271	96
15895	272	96
35577	273	96
6983	274	96
31055	275	96
40855	276	96
27978	277	96
8427	278	96
1454	279	96
27635	280	96
16707	281	96
41714	282	96
33883	283	96
38377	284	96
40076	285	96
45620	286	96
5131	287	96
39600	288	96
15786	292	96
42577	292	96
30533	292	96
12376	292	96
12611	292	96
20788	292	96
18200	292	96
37897	292	96
19612	297	96
7197	298	96
12077	299	96
21877	300	96
40092	301	96
48254	302	96
33520	303	96
9109	304	96
38098	305	96
19959	306	96
4136	307	95
28404	308	95
42982	309	95
19380	310	95
10341	311	95
1514	312	95
37409	313	95
37067	314	95
31170	315	95
39212	315	95
41360	317	95
45209	318	95
29569	319	95
32674	320	95
37929	321	95
1058	322	95
5709	323	95
19497	324	95
38824	325	95
25190	326	95
11891	327	95
29065	328	95
47991	329	95
15330	330	95
13906	331	95
42540	332	95
29833	333	95
12828	334	95
27337	335	95
20141	336	95
36628	337	95
36674	338	95
45086	339	95
25019	340	95
48410	341	95
25220	342	95
6097	343	95
20810	344	95
24320	345	95
23120	346	95
265	347	95
32973	348	95
22407	349	95
48371	350	95
28342	351	95
15532	352	95
37198	353	95
35248	354	95
16589	355	95
12306	356	95
35095	357	95
21175	358	95
46347	359	95
8408	360	95
21336	361	95
8920	362	95
9709	363	95
3928	364	95
24385	365	95
40898	366	95
36825	367	95
12532	368	95
22824	369	95
16470	370	95
27885	371	95
34735	372	95
47550	373	95
19679	374	94
42622	375	94
2815	376	94
5870	377	94
28982	378	94
31778	379	94
44261	380	94
28983	381	94
2942	382	94
27617	383	94
7450	384	94
18869	385	94
25386	386	94
19330	387	94
34450	388	94
19509	389	94
39183	390	94
24354	391	94
9435	392	94
21449	393	94
3008	394	94
36872	395	94
23703	396	94
13277	397	94
13560	398	94
35617	399	94
4727	400	94
15543	401	94
40247	402	94
3783	403	94
28436	404	94
32495	406	94
38771	406	94
9300	406	94
10369	406	94
6948	409	94
18626	410	94
40085	411	94
19428	412	94
3079	413	94
42762	414	94
22658	415	94
7294	416	94
27627	417	94
18320	418	94
16558	419	94
38260	420	94
25044	421	94
14615	422	94
4389	423	94
17934	424	94
32864	425	94
668	426	94
10750	427	94
19350	428	94
7189	429	94
46356	430	94
45136	431	94
42107	432	94
31478	433	94
44577	434	94
9453	435	94
43596	436	94
20057	437	94
14099	438	94
16752	439	94
28887	440	94
39156	441	94
5162	442	94
152	443	93
27518	444	93
14835	445	93
20780	446	93
17378	447	93
42007	448	93
30122	449	93
7988	450	93
25742	451	93
10545	469	93
31688	469	93
31590	469	93
9289	469	93
25066	469	93
5082	469	93
25784	469	93
23937	469	93
15378	469	93
19018	469	93
42269	469	93
48531	469	93
15597	469	93
3909	469	93
21616	469	93
28487	469	93
47671	469	93
390	469	93
48305	469	93
48318	469	93
12168	469	93
45666	469	93
46026	469	93
46058	469	93
19545	469	93
9778	469	93
33344	469	93
6420	469	93
26362	469	93
2650	469	93
34396	469	93
46325	469	93
32118	469	93
32466	469	93
10256	469	93
18277	469	93
38338	488	93
47651	489	93
14382	490	93
6978	491	93
35633	492	93
40804	493	93
31410	494	93
30031	495	93
42174	496	93
45570	497	93
30458	498	93
9579	499	93
23998	500	93
12381	501	93
26630	502	93
17520	503	93
2643	504	93
47164	505	93
29982	506	93
41462	507	93
32900	508	93
46330	509	93
26138	510	92
36564	511	92
15642	512	92
17350	513	92
29804	514	92
15850	515	92
4651	516	92
30670	517	92
32458	518	92
2695	519	92
14413	520	92
32347	521	92
7068	522	92
18246	523	92
1258	524	92
17199	525	92
36389	526	92
5435	527	92
37277	528	92
15961	529	92
30455	530	92
37428	531	92
38351	532	92
29622	533	92
19598	534	92
9424	535	92
24947	536	92
7196	537	92
32196	538	92
34977	539	92
41181	540	92
42253	541	92
22895	542	92
19936	543	92
6509	544	92
1351	545	92
18225	546	92
11565	547	92
38898	548	92
6070	549	92
45184	550	92
33131	551	92
37171	552	92
18296	553	92
10316	554	92
29935	555	92
2648	556	92
2293	557	92
35140	558	92
19184	559	92
43395	560	92
3069	561	92
5500	563	92
17436	563	92
9890	563	92
42186	563	92
29480	566	92
27972	567	92
41249	568	92
37069	569	92
16174	570	92
35419	571	92
26345	572	92
18625	573	92
26087	574	92
21560	575	92
8245	576	92
27406	577	92
40499	578	92
35572	579	91
14876	580	91
19785	581	91
20515	582	91
15852	583	91
12764	584	91
16396	585	91
25290	586	91
12596	587	91
33509	588	91
18115	589	91
20984	590	91
1486	591	91
10761	592	91
423	593	91
26436	594	91
35895	595	91
3428	596	91
30299	597	91
35295	598	91
38266	599	91
36489	600	91
9847	601	91
42778	602	91
32727	603	91
6023	604	91
18741	605	91
40145	606	91
45292	607	91
45278	608	91
12397	609	91
29165	610	91
7111	611	91
40298	612	91
45626	613	91
30241	614	91
46926	615	91
27590	616	91
33743	617	91
36308	618	91
33660	619	91
31316	620	91
203	621	91
33348	622	91
19575	623	91
12829	624	91
30454	625	91
32043	626	91
9056	634	91
19471	634	91
21376	634	91
21436	634	91
12100	634	91
20100	634	91
24552	634	91
32842	634	91
33894	634	91
31462	634	91
39104	634	91
40441	634	91
43789	634	91
47320	634	91
45047	634	91
16208	642	91
24873	643	91
40246	644	91
11837	645	91
14549	646	90
9509	647	90
46630	648	90
45448	649	90
25657	650	90
23681	651	90
10807	652	90
1086	653	90
27797	654	90
38948	655	90
9336	656	90
14483	657	90
9752	657	90
27974	659	90
28239	660	90
23603	661	90
19505	662	90
41906	663	90
3679	664	90
45860	665	90
40210	666	90
6734	667	90
44894	668	90
40840	669	90
13636	670	90
39231	671	90
27503	672	90
20149	673	90
11540	674	90
3174	675	90
46220	676	90
23062	677	90
31306	678	90
22453	679	90
17010	680	90
10997	681	90
8744	682	90
40268	683	90
17402	684	90
12232	685	90
31161	686	90
21046	687	90
29706	688	90
10764	689	90
33854	690	90
19740	691	90
5939	692	90
9078	693	90
36997	694	90
356	695	90
15371	696	90
364	697	90
10977	698	90
3003	699	90
47366	700	90
35191	701	90
45210	702	90
39820	703	90
27040	704	90
42582	705	90
6970	706	90
32070	707	90
26570	708	90
34572	709	90
44571	710	90
4121	711	90
7140	712	90
7824	713	90
22304	714	90
33606	715	89
13005	716	89
34062	717	89
2834	718	89
296	719	89
16498	720	89
4429	721	89
32605	722	89
39458	723	89
961	724	89
1252	725	89
28361	726	89
19302	727	89
41056	728	89
7327	729	89
30791	730	89
4581	731	89
29241	732	89
46422	733	89
8892	734	89
41628	735	89
421	736	89
8331	737	89
4520	738	89
39385	739	89
7963	740	89
21845	741	89
26983	742	89
11291	743	89
7207	744	89
33990	745	89
35626	746	89
34161	747	89
21070	748	89
34428	749	89
9596	750	89
31860	751	89
22146	752	89
20032	753	89
6717	754	89
29361	755	89
31169	756	89
31412	757	89
25212	758	89
3907	759	89
4145	760	89
37066	761	89
4524	762	89
4326	763	89
30816	764	89
23497	765	89
3752	766	89
2407	767	89
29642	768	89
31417	769	89
34659	770	89
3956	771	89
22330	772	89
11318	773	89
21831	774	89
32638	775	89
3960	776	89
37264	777	89
41539	778	89
31550	779	89
48427	780	89
15896	781	89
12884	782	88
14914	783	88
6575	784	88
167	784	88
17901	786	88
44003	787	88
4963	788	88
2171	789	88
29844	790	88
24386	791	88
34342	792	88
15104	793	88
11003	794	88
14629	795	88
35176	796	88
11782	797	88
22555	798	88
48230	799	88
36936	800	88
41662	801	88
30891	802	88
18292	803	88
13783	804	88
39603	805	88
5651	806	88
23489	807	88
43556	808	88
23419	809	88
24652	810	88
44539	811	88
20366	812	88
45724	813	88
22820	814	88
2355	815	88
532	816	88
18897	817	88
41896	818	88
2303	819	88
15266	820	88
22436	821	88
33654	822	88
33809	823	88
35302	824	88
46575	825	88
40672	826	88
33360	827	88
40937	828	88
30131	829	88
28602	830	88
9374	831	88
16253	832	88
41893	833	88
3274	834	88
1737	835	88
47729	836	88
34698	837	88
25289	838	88
47970	839	88
44989	840	88
23619	841	88
7932	842	88
37776	843	88
5196	844	88
35788	845	88
22471	846	88
21932	847	88
3813	848	88
47086	849	88
23231	850	88
31130	851	87
44119	852	87
41413	853	87
40919	854	87
9462	855	87
41147	856	87
948	857	87
17863	858	87
11921	859	87
31763	860	87
35303	861	87
39876	862	87
16539	863	87
46694	864	87
34374	865	87
19669	866	87
32778	867	87
42911	868	87
8896	869	87
16732	870	87
26524	871	87
31203	872	87
18247	873	87
623	874	87
40407	875	87
21413	876	87
20047	877	87
34272	878	87
35354	879	87
22545	880	87
21816	881	87
12148	882	87
30852	883	87
1639	884	87
45856	885	87
10167	886	87
26163	887	87
48333	888	87
46519	889	87
55	890	87
9565	891	87
8407	892	87
41107	893	87
11484	894	87
22430	895	87
36422	896	87
19634	897	87
28033	898	87
24341	899	87
34044	900	87
31089	901	87
5798	902	87
44712	903	87
4659	904	87
3361	905	87
24079	906	87
29761	907	87
41306	908	87
30730	909	87
34327	910	87
18142	911	87
22131	912	87
25542	913	87
14510	914	87
33381	915	87
30826	916	87
25907	917	87
36208	918	86
29874	919	86
37744	920	86
42723	921	86
12040	922	86
34873	923	86
7183	924	86
12775	925	86
29537	926	86
30487	927	86
26165	928	86
10931	929	86
42713	930	86
47958	931	86
36126	932	86
5575	933	86
19225	934	86
8561	935	86
35368	936	86
23113	937	86
47092	938	86
17033	939	86
28672	940	86
29093	941	86
38320	942	86
32733	943	86
28529	944	86
29194	945	86
44074	946	86
3081	947	86
16718	948	86
48217	949	86
17248	950	86
18593	951	86
869	952	86
9673	953	86
6596	954	86
6192	955	86
16238	956	86
7098	957	86
15119	958	86
37203	959	86
13707	960	86
40608	961	86
5224	962	86
40049	963	86
33897	964	86
3383	965	86
2302	966	86
35389	967	86
35342	968	86
17652	969	86
7556	970	86
27479	971	86
14394	972	86
4584	973	86
29533	974	86
8918	975	86
13561	976	86
42964	977	86
4792	978	86
26847	979	86
45822	980	86
13609	981	86
37438	982	86
37930	983	86
15175	984	86
48614	985	86
37450	986	86
35105	987	85
7783	988	85
11958	989	85
36497	990	85
24665	991	85
2763	992	85
25628	993	85
42952	994	85
40352	995	85
35915	996	85
30134	997	85
46828	998	85
47901	999	85
44446	1000	85
36400	1001	85
16794	1002	85
28977	1003	85
20828	1004	85
12915	1005	85
597	1006	85
23938	1007	85
42272	1008	85
17144	1009	85
19645	1010	85
48447	1011	85
33800	1012	85
23020	1013	85
1016	1014	85
20830	1015	85
48036	1016	85
231	1017	85
20669	1018	85
41577	1019	85
11067	1020	85
25688	1021	85
36058	1022	85
33582	1023	85
30990	1024	85
47060	1025	85
27240	1026	85
13105	1027	85
708	1028	85
2742	1029	85
22062	1030	85
7101	1031	85
696	1032	85
12098	1033	85
41993	1034	85
15183	1035	85
11653	1036	85
14997	1037	85
7746	1038	85
12722	1039	85
12359	1040	85
2126	1041	85
34921	1042	85
18597	1043	85
18155	1044	85
1185	1045	85
35440	1046	85
16285	1047	85
30882	1048	85
4718	1049	85
4077	1050	85
41006	1051	85
6736	1052	85
34282	1053	85
32021	1054	84
15821	1055	84
48451	1056	84
7339	1057	84
1842	1058	84
29104	1059	84
6867	1060	84
15077	1061	84
47097	1062	84
4257	1063	84
261	1064	84
15286	1065	84
3154	1066	84
43032	1067	84
26970	1068	84
16221	1069	84
6056	1070	84
22318	1071	84
38624	1072	84
29041	1073	84
6084	1074	84
16144	1075	84
10922	1076	84
22357	1077	84
31738	1078	84
14647	1079	84
6674	1080	84
26143	1081	84
26132	1082	84
13231	1083	84
8998	1084	84
36345	1085	84
6910	1086	84
33273	1087	84
34886	1088	84
34377	1089	84
28318	1090	84
25341	1091	84
1680	1092	84
31551	1093	84
28910	1094	84
13200	1095	84
27832	1096	84
7264	1097	84
33966	1098	84
46667	1099	84
14110	1100	84
43313	1101	84
1113	1102	84
36439	1103	84
284	1104	84
18146	1105	84
34310	1106	84
1512	1107	84
41221	1108	84
35570	1109	84
30391	1110	84
29923	1111	84
24760	1112	84
13488	1113	84
31204	1114	84
855	1115	84
9051	1116	84
37951	1117	84
19602	1118	84
4701	1119	84
37239	1120	84
44405	1121	84
7498	1122	84
41621	1123	83
18332	1124	83
36556	1125	83
29632	1126	83
5650	1127	83
16318	1128	83
35227	1129	83
42044	1130	83
15253	1131	83
42501	1132	83
34824	1133	83
40890	1134	83
42329	1135	83
38581	1136	83
13872	1137	83
8452	1138	83
21751	1139	83
22873	1140	83
46908	1141	83
3639	1142	83
29016	1143	83
20217	1144	83
2331	1145	83
43469	1146	83
17710	1147	83
9795	1148	83
43175	1149	83
39192	1150	83
5070	1151	83
5504	1152	83
20782	1153	83
15864	1154	83
8106	1155	83
47066	1156	83
41088	1157	83
40807	1158	83
23649	1159	83
3853	1160	83
45059	1161	83
5697	1162	83
6343	1163	83
19407	1164	83
42017	1165	83
11721	1166	83
45181	1167	83
1000	1168	83
41669	1169	83
32224	1170	83
43610	1171	83
24389	1172	83
44664	1173	83
44148	1174	83
15377	1175	83
1403	1176	83
6878	1177	83
34398	1178	83
8625	1179	83
45248	1180	83
44753	1181	83
24501	1182	83
43387	1183	83
28839	1184	83
9827	1185	83
19884	1186	83
5950	1187	83
16179	1188	83
38733	1189	83
31966	1190	82
40794	1191	82
23327	1192	82
47650	1193	82
10795	1194	82
23675	1195	82
16079	1196	82
41803	1197	82
6223	1198	82
37942	1199	82
45748	1200	82
21076	1201	82
13535	1202	82
1002	1203	82
15260	1204	82
40382	1205	82
23908	1206	82
9825	1207	82
34621	1208	82
29344	1209	82
11121	1210	82
18174	1211	82
39903	1212	82
8355	1213	82
14942	1214	82
29674	1215	82
11701	1216	82
40565	1217	82
36474	1218	82
9002	1219	82
40290	1220	82
25768	1221	82
41265	1222	82
29542	1223	82
34834	1224	82
12883	1225	82
44707	1226	82
9197	1227	82
33189	1228	82
42049	1229	82
9027	1230	82
17384	1231	82
42868	1232	82
10234	1233	82
14616	1234	82
13201	1235	82
10290	1236	82
25821	1237	82
21098	1238	82
47680	1239	82
35621	1240	82
10570	1241	82
5893	1242	82
21299	1243	82
40585	1244	82
22210	1245	82
11707	1246	82
23	1247	82
7465	1248	82
18629	1249	82
30949	1250	82
37723	1251	82
1549	1252	82
12337	1253	82
29386	1254	82
35126	1255	82
25741	1256	82
9516	1257	82
9727	1258	82
34417	1259	81
29078	1260	81
11348	1261	81
22872	1262	81
42633	1263	81
2016	1264	81
47642	1265	81
7760	1266	81
13510	1267	81
8638	1268	81
28617	1269	81
44762	1270	81
21637	1271	81
16941	1272	81
2939	1273	81
44904	1274	81
24164	1275	81
44898	1276	81
31918	1277	81
10873	1278	81
27528	1279	81
14378	1280	81
46949	1281	81
9295	1282	81
13156	1283	81
23410	1284	81
10265	1285	81
14379	1286	81
41652	1287	81
45615	1288	81
36073	1289	81
32461	1290	81
12302	1291	81
4604	1292	81
149	1293	81
45569	1294	81
11056	1295	81
48015	1296	81
47837	1297	81
19709	1298	81
33945	1299	81
30537	1300	81
9001	1301	81
20085	1302	81
5125	1303	81
22946	1304	81
6552	1305	81
6889	1306	81
16255	1307	81
8539	1308	81
2169	1309	81
39800	1310	81
48418	1311	81
31812	1312	81
42003	1313	81
15304	1314	81
18877	1315	81
11401	1316	81
46147	1317	81
40107	1318	81
38066	1319	81
19578	1320	81
19316	1321	81
44001	1322	81
48596	1323	81
46532	1324	81
24397	1325	81
43214	1326	80
28605	1327	80
6834	1328	80
5322	1329	80
45707	1330	80
37743	1331	80
26623	1332	80
24656	1333	80
10514	1334	80
21005	1335	80
41041	1336	80
13183	1337	80
32047	1338	80
48566	1339	80
48339	1340	80
25045	1341	80
28146	1342	80
42507	1343	80
23823	1344	80
12334	1345	80
24113	1346	80
7246	1347	80
40335	1348	80
44506	1349	80
26737	1350	80
33961	1351	80
38303	1352	80
4967	1353	80
38692	1354	80
10638	1355	80
37902	1356	80
26164	1357	80
956	1358	80
30432	1359	80
23375	1360	80
14292	1361	80
26821	1362	80
3860	1363	80
5226	1364	80
40611	1365	80
38238	1366	80
38059	1367	80
26799	1368	80
9633	1369	80
28530	1370	80
4726	1371	80
468	1372	80
40292	1373	80
19734	1374	80
15613	1375	80
4832	1376	80
27722	1377	80
25570	1378	80
5917	1379	80
25466	1380	80
35195	1381	80
38715	1382	80
39039	1383	80
41675	1384	80
6320	1385	80
40750	1386	80
47306	1387	80
2536	1388	80
36179	1389	80
6324	1390	80
25658	1391	80
8335	1392	80
12258	1393	80
29307	1394	80
43349	1395	79
15001	1396	79
11110	1397	79
2884	1398	79
7952	1399	79
1134	1400	79
28203	1401	79
38538	1402	79
41256	1403	79
16582	1404	79
46033	1405	79
41829	1406	79
42446	1407	79
22812	1408	79
47409	1409	79
7816	1410	79
39174	1411	79
31240	1412	79
9326	1413	79
43118	1414	79
48515	1415	79
28168	1416	79
39485	1417	79
28156	1418	79
20116	1419	79
18984	1420	79
1399	1421	79
2941	1422	79
18757	1423	79
47437	1424	79
3570	1425	79
43401	1426	79
45602	1427	79
45926	1428	79
25641	1429	79
3251	1430	79
25201	1431	79
6950	1432	79
24227	1433	79
39619	1434	79
5199	1435	79
631	1436	79
16802	1437	79
26224	1438	79
40665	1439	79
30028	1440	79
6947	1441	79
24353	1442	79
5763	1443	79
15337	1444	79
19413	1445	79
37498	1446	79
30197	1447	79
8055	1448	79
37964	1449	79
16204	1450	79
41409	1451	79
41649	1452	79
20918	1453	79
14632	1454	79
47058	1455	79
25169	1456	79
12272	1457	79
38102	1458	79
29567	1459	79
43917	1460	79
15758	1461	79
28947	1462	78
33725	1463	78
41609	1464	78
15984	1465	78
18935	1466	78
5858	1467	78
9393	1468	78
1206	1469	78
16379	1470	78
3511	1471	78
22423	1472	78
8888	1473	78
16572	1474	78
8297	1475	78
24755	1476	78
3829	1477	78
44073	1478	78
7065	1479	78
285	1480	78
39884	1481	78
45142	1482	78
4707	1483	78
28207	1484	78
8494	1485	78
6730	1486	78
17645	1487	78
42328	1488	78
41441	1489	78
31841	1490	78
6689	1491	78
29572	1492	78
45388	1493	78
34163	1494	78
14911	1495	78
38590	1496	78
17654	1497	78
35553	1498	78
6727	1499	78
7657	1500	78
14199	1501	78
17427	1502	78
40780	1503	78
15512	1504	78
19214	1505	78
32666	1506	78
31146	1507	78
9645	1508	78
41903	1509	78
6474	1510	78
1628	1511	78
47682	1512	78
31402	1513	78
27161	1514	78
40381	1515	78
45943	1516	78
33237	1517	78
7846	1518	78
23145	1519	78
41325	1520	78
23680	1521	78
34690	1522	78
351	1523	78
6244	1524	78
42312	1525	78
18606	1526	78
41789	1527	78
48224	1528	78
40133	1529	78
25806	1530	78
877	1531	77
25961	1532	77
19416	1533	77
8867	1534	77
48355	1535	77
5694	1536	77
30088	1537	77
3205	1538	77
24661	1539	77
165	1540	77
23517	1541	77
29293	1542	77
14783	1543	77
31555	1544	77
592	1545	77
17624	1546	77
22478	1547	77
6903	1548	77
8264	1549	77
32752	1550	77
33136	1551	77
43473	1552	77
31534	1553	77
20287	1554	77
41867	1555	77
23902	1556	77
11390	1557	77
44325	1558	77
32890	1559	77
35338	1560	77
23268	1561	77
18287	1562	77
5323	1563	77
5704	1564	77
44263	1565	77
20945	1566	77
33337	1567	77
23097	1568	77
18636	1569	77
35884	1570	77
24443	1571	77
35903	1572	77
21442	1573	77
14274	1574	77
32651	1575	77
19374	1576	77
22964	1577	77
21955	1578	77
39767	1579	77
45273	1580	77
39525	1581	77
31941	1582	77
19353	1583	77
47911	1584	77
39803	1585	77
42913	1586	77
36597	1587	77
9779	1588	77
47584	1589	77
30542	1590	77
21852	1591	77
9162	1592	77
10338	1593	77
48561	1594	77
27060	1595	77
45185	1596	77
21549	1597	77
28870	1598	76
11905	1599	76
31308	1600	76
20732	1601	76
32669	1602	76
34268	1603	76
18453	1604	76
42799	1605	76
38609	1606	76
26778	1607	76
41040	1608	76
41709	1609	76
16559	1610	76
46912	1611	76
30024	1612	76
22600	1613	76
40225	1614	76
8995	1615	76
28304	1616	76
42638	1617	76
19593	1618	76
30906	1619	76
23559	1620	76
41922	1621	76
11915	1622	76
27522	1623	76
35121	1624	76
2479	1625	76
27355	1626	76
24414	1627	76
11156	1628	76
43017	1629	76
36432	1630	76
14369	1631	76
15395	1632	76
27249	1633	76
12467	1634	76
6391	1635	76
29510	1636	76
35293	1637	76
199	1638	76
27770	1639	76
2743	1640	76
14033	1641	76
7449	1642	76
40572	1643	76
41733	1644	76
38021	1645	76
36230	1646	76
37104	1647	76
12758	1648	76
34759	1649	76
3911	1650	76
37365	1651	76
39957	1652	76
3210	1653	76
20823	1654	76
5532	1655	76
222	1656	76
36110	1657	76
19035	1658	76
6335	1659	76
11190	1660	76
46148	1661	76
27028	1662	76
8674	1663	76
21744	1664	76
6025	1665	76
48182	1666	76
22219	1667	75
16768	1668	75
40080	1669	75
28720	1670	75
4638	1671	75
30395	1672	75
9520	1673	75
28767	1674	75
43876	1675	75
28216	1676	75
5184	1677	75
3405	1678	75
46845	1679	75
25351	1680	75
27102	1681	75
3226	1682	75
9713	1683	75
26701	1684	75
37516	1685	75
34749	1686	75
6559	1687	75
6567	1688	75
13338	1689	75
3058	1690	75
40492	1691	75
30469	1692	75
42147	1693	75
46225	1694	75
12096	1695	75
1872	1696	75
25237	1697	75
24269	1698	75
1516	1699	75
20396	1700	75
39822	1701	75
26666	1702	75
8289	1703	75
29597	1704	75
19185	1705	75
44499	1706	75
2380	1707	75
36923	1708	75
1441	1709	75
13202	1710	75
23970	1711	75
12217	1712	75
4804	1713	75
2545	1714	75
47224	1715	75
30933	1716	75
20354	1717	75
34184	1718	75
10179	1719	75
24536	1720	75
20997	1721	75
22733	1722	75
47948	1723	75
33102	1724	75
32560	1725	75
28717	1726	75
31058	1727	75
7311	1728	75
24557	1729	75
14161	1730	75
31015	1731	75
25875	1732	75
20044	1733	75
46355	1734	74
18857	1735	74
5343	1736	74
46869	1737	74
16980	1738	74
32794	1739	74
31889	1740	74
28143	1741	74
24977	1742	74
9387	1743	74
28704	1744	74
41624	1745	74
38743	1746	74
11008	1747	74
35026	1748	74
1138	1749	74
12841	1750	74
3969	1751	74
2256	1752	74
33076	1753	74
29087	1754	74
34441	1755	74
6481	1756	74
21721	1757	74
19712	1758	74
20793	1759	74
11356	1760	74
46587	1761	74
36455	1762	74
29485	1763	74
36262	1764	74
26375	1765	74
9529	1766	74
34082	1767	74
29599	1768	74
5328	1769	74
19755	1770	74
14071	1771	74
43681	1772	74
8010	1773	74
31702	1774	74
3097	1775	74
32182	1776	74
8437	1777	74
28172	1778	74
8981	1779	74
35463	1780	74
36541	1781	74
27036	1782	74
35011	1783	74
20784	1784	74
26016	1785	74
39518	1786	74
16110	1787	74
36841	1788	74
9177	1789	74
48076	1790	74
20319	1791	74
9011	1792	74
40590	1793	74
18839	1794	74
21586	1795	74
29057	1796	74
389	1797	74
32358	1798	74
8921	1799	74
26406	1800	74
20755	1801	74
7892	1802	74
35094	1803	73
24072	1804	73
4392	1805	73
46685	1806	73
19371	1807	73
18326	1808	73
25423	1809	73
8000	1810	73
27865	1811	73
1903	1812	73
19452	1813	73
13994	1814	73
22340	1815	73
37977	1816	73
30814	1817	73
36158	1818	73
7516	1819	73
14899	1820	73
46282	1821	73
9139	1822	73
19538	1823	73
16315	1824	73
35038	1825	73
10441	1826	73
45915	1827	73
19249	1828	73
10939	1829	73
30057	1830	73
8140	1831	73
35331	1832	73
16166	1833	73
43551	1834	73
33451	1835	73
27303	1836	73
5673	1837	73
3749	1838	73
20627	1839	73
21026	1840	73
26102	1841	73
21650	1842	73
37576	1843	73
13014	1844	73
29823	1845	73
3337	1846	73
1980	1847	73
30506	1848	73
39049	1849	73
20450	1850	73
20520	1851	73
19975	1852	73
48011	1853	73
2572	1854	73
20029	1855	73
17134	1856	73
46735	1857	73
13213	1858	73
785	1859	73
37105	1860	73
10310	1861	73
7247	1862	73
10122	1863	73
26314	1864	73
43581	1865	73
18832	1866	73
30859	1867	73
43764	1868	73
27653	1869	73
33818	1870	72
13572	1871	72
35775	1872	72
13542	1873	72
47197	1874	72
38999	1875	72
29812	1876	72
31583	1877	72
23311	1878	72
22974	1879	72
428	1880	72
14868	1881	72
12925	1882	72
4649	1883	72
44400	1884	72
29319	1885	72
38738	1886	72
41048	1887	72
26669	1888	72
11059	1889	72
30867	1890	72
41202	1891	72
26252	1892	72
27029	1893	72
6532	1894	72
25644	1895	72
43351	1896	72
37254	1897	72
29229	1898	72
43706	1899	72
17120	1900	72
39542	1901	72
25165	1902	72
20435	1903	72
19502	1904	72
27015	1905	72
30162	1906	72
29075	1907	72
10098	1908	72
38894	1909	72
35635	1910	72
18014	1911	72
22910	1912	72
3371	1913	72
10925	1914	72
23476	1915	72
14884	1916	72
40024	1917	72
39375	1918	72
33698	1919	72
42158	1920	72
26589	1921	72
7329	1922	72
7990	1923	72
9022	1924	72
19989	1925	72
18992	1926	72
5282	1927	72
45343	1928	72
24416	1929	72
48335	1930	72
18860	1931	72
17991	1932	72
38120	1933	72
15285	1934	72
8961	1935	72
28718	1936	72
7711	1937	72
1856	1938	72
9947	1939	71
13900	1940	71
38164	1941	71
41711	1942	71
28498	1943	71
395	1944	71
32228	1945	71
29411	1946	71
36646	1947	71
23429	1948	71
31155	1949	71
8628	1950	71
13033	1951	71
9740	1952	71
32863	1953	71
32991	1954	71
7773	1955	71
4186	1956	71
38089	1957	71
47280	1958	71
40415	1959	71
44022	1960	71
44065	1961	71
19808	1962	71
31090	1963	71
16959	1964	71
483	1965	71
36322	1966	71
17371	1967	71
22395	1968	71
32845	1969	71
46376	1970	71
10859	1971	71
37116	1972	71
16472	1973	71
41430	1974	71
429	1975	71
5378	1976	71
17759	1977	71
48546	1978	71
16660	1979	71
3319	1980	71
48578	1981	71
43997	1982	71
46615	1983	71
32980	1984	71
3294	1985	71
28191	1986	71
10757	1987	71
6710	1988	71
706	1989	71
37541	1990	71
570	1991	71
23352	1992	71
17650	1993	71
29058	1994	71
15294	1995	71
8311	1996	71
28362	1997	71
42531	1998	71
36055	1999	71
35522	2000	71
40808	2001	71
22749	2002	71
21350	2003	71
17464	2004	71
8425	2005	71
39987	2006	70
10478	2007	70
18977	2008	70
23356	2009	70
33564	2010	70
21774	2011	70
38083	2012	70
21718	2013	70
27799	2014	70
10648	2015	70
7216	2016	70
8273	2017	70
16735	2018	70
35718	2019	70
18358	2020	70
46014	2021	70
4905	2022	70
30738	2023	70
2740	2024	70
25664	2025	70
12749	2026	70
31341	2027	70
30294	2028	70
18999	2029	70
4902	2030	70
39608	2031	70
3424	2032	70
7005	2033	70
37485	2034	70
24628	2035	70
23417	2036	70
39545	2037	70
38647	2038	70
35925	2039	70
42988	2040	70
31620	2041	70
41474	2042	70
32899	2043	70
22759	2044	70
39827	2045	70
44973	2046	70
12954	2047	70
23301	2048	70
9188	2049	70
39133	2050	70
23776	2051	70
42270	2052	70
7917	2053	70
11046	2054	70
9500	2055	70
36219	2056	70
46233	2057	70
43591	2058	70
35948	2059	70
17794	2060	70
22578	2061	70
41351	2062	70
13757	2063	70
38244	2064	70
20950	2065	70
45222	2066	70
4428	2067	70
604	2068	70
26265	2069	70
45157	2070	70
4180	2071	70
19239	2072	70
19189	2073	70
42724	2074	70
16943	2075	69
28656	2076	69
17198	2077	69
42314	2078	69
16130	2079	69
6864	2080	69
15623	2081	69
20326	2082	69
33241	2083	69
29607	2084	69
7331	2085	69
22886	2086	69
26052	2087	69
46870	2088	69
36184	2089	69
15965	2090	69
11959	2091	69
39847	2092	69
26798	2093	69
33374	2094	69
14540	2095	69
18533	2096	69
48250	2097	69
41507	2098	69
19492	2099	69
44132	2100	69
21364	2101	69
26249	2102	69
32551	2103	69
7201	2104	69
18105	2105	69
34563	2106	69
4372	2107	69
46789	2108	69
41574	2109	69
39037	2110	69
13965	2111	69
24741	2112	69
45691	2113	69
25224	2114	69
14081	2115	69
3292	2116	69
32552	2117	69
9678	2118	69
997	2119	69
48414	2120	69
1508	2121	69
19325	2122	69
9917	2123	69
44740	2124	69
44674	2125	69
47157	2126	69
24088	2127	69
28357	2128	69
36870	2129	69
27441	2130	69
16838	2131	69
37522	2132	69
45865	2133	69
40399	2134	69
42019	2135	69
36854	2136	69
28643	2137	69
7961	2138	69
19786	2139	69
44760	2140	69
14763	2141	69
29356	2142	68
23142	2143	68
33296	2144	68
25164	2145	68
35379	2146	68
39128	2147	68
19891	2148	68
2187	2149	68
18807	2150	68
17971	2151	68
12506	2152	68
8390	2153	68
4273	2154	68
31780	2155	68
26149	2156	68
32534	2157	68
40768	2158	68
6220	2159	68
40410	2160	68
20101	2161	68
38371	2162	68
2540	2163	68
45918	2164	68
23110	2165	68
6349	2166	68
26648	2167	68
37999	2168	68
39141	2169	68
13184	2170	68
19648	2171	68
17214	2172	68
25929	2173	68
34177	2174	68
27792	2175	68
37619	2176	68
40104	2177	68
33775	2178	68
24781	2179	68
9390	2180	68
44153	2181	68
43154	2182	68
6168	2183	68
29585	2184	68
36378	2185	68
38191	2186	68
773	2187	68
12029	2188	68
5359	2189	68
2907	2190	68
735	2191	68
7254	2192	68
22202	2193	68
48600	2194	68
20130	2195	68
37407	2196	68
34045	2197	68
30378	2198	68
25651	2199	68
36504	2200	68
12998	2201	68
9802	2202	68
25865	2203	68
20269	2204	68
16061	2205	68
37177	2206	68
26594	2207	68
2826	2208	68
39498	2209	68
10203	2210	68
41523	2211	67
32088	2212	67
48398	2213	67
21821	2214	67
22977	2215	67
45001	2216	67
12292	2217	67
27960	2218	67
27335	2219	67
2878	2220	67
21292	2221	67
5757	2222	67
14234	2223	67
11075	2224	67
22373	2225	67
40568	2226	67
46317	2227	67
40573	2228	67
27597	2229	67
38977	2230	67
44710	2231	67
38554	2232	67
18148	2233	67
21074	2234	67
33965	2235	67
23081	2236	67
6373	2237	67
27744	2238	67
47606	2239	67
17583	2240	67
19721	2241	67
26212	2242	67
39887	2243	67
13743	2244	67
27866	2245	67
35878	2246	67
24348	2247	67
24002	2248	67
14370	2249	67
30404	2250	67
5841	2251	67
29579	2252	67
35971	2253	67
30945	2254	67
36725	2255	67
26974	2256	67
16522	2257	67
20330	2258	67
31498	2259	67
7448	2260	67
2627	2261	67
43870	2262	67
107	2263	67
25000	2264	67
23709	2265	67
19062	2266	67
31624	2267	67
9467	2268	67
14880	2269	67
48500	2270	67
34014	2271	67
31458	2272	67
38867	2273	67
11615	2274	67
20441	2275	67
20735	2276	67
20060	2277	67
41135	2278	66
10687	2279	66
3894	2280	66
34758	2281	66
33233	2282	66
41772	2283	66
19498	2284	66
21569	2285	66
37701	2286	66
37061	2287	66
7397	2288	66
17844	2289	66
46699	2290	66
48276	2291	66
13446	2292	66
18486	2293	66
46540	2294	66
20736	2295	66
46853	2296	66
1495	2297	66
29964	2298	66
42338	2299	66
5713	2300	66
46710	2301	66
47375	2302	66
35277	2303	66
27720	2304	66
20011	2305	66
32641	2306	66
2334	2307	66
21897	2308	66
5875	2309	66
35374	2310	66
15529	2311	66
7353	2312	66
32091	2313	66
17911	2314	66
41639	2315	66
13610	2316	66
39871	2317	66
40660	2318	66
45112	2319	66
6182	2320	66
35646	2321	66
47236	2322	66
33277	2323	66
1993	2324	66
13573	2325	66
12966	2326	66
10250	2327	66
28900	2328	66
22429	2329	66
27793	2330	66
25176	2331	66
26028	2332	66
25953	2333	66
19542	2334	66
22606	2335	66
5145	2336	66
33785	2337	66
14514	2338	66
36193	2339	66
33496	2340	66
8310	2341	66
16443	2342	66
43433	2343	66
36894	2344	66
2059	2345	66
20433	2346	66
19747	2347	65
20218	2348	65
4907	2349	65
23958	2350	65
42889	2351	65
8461	2352	65
11748	2353	65
40356	2354	65
32565	2355	65
34900	2356	65
42961	2357	65
35802	2358	65
34312	2359	65
40370	2360	65
45712	2361	65
24048	2362	65
22359	2363	65
10296	2364	65
39493	2365	65
45358	2366	65
4235	2367	65
39548	2368	65
3062	2369	65
39652	2370	65
13790	2371	65
20288	2372	65
45809	2373	65
9745	2374	65
19834	2375	65
17395	2376	65
16779	2377	65
6174	2378	65
37194	2379	65
37593	2380	65
5485	2381	65
29976	2382	65
42664	2383	65
4983	2384	65
38980	2385	65
38989	2386	65
28728	2387	65
11989	2388	65
45331	2389	65
26007	2390	65
23390	2391	65
46344	2392	65
15188	2393	65
1196	2394	65
45432	2395	65
11700	2396	65
17133	2397	65
5008	2398	65
46616	2399	65
48581	2400	65
24263	2401	65
22472	2402	65
47684	2403	65
43871	2404	65
47479	2405	65
40274	2406	65
21659	2407	65
26308	2408	65
11972	2409	65
4929	2410	65
46499	2411	65
899	2412	65
43322	2413	65
31636	2414	64
31970	2415	64
2255	2416	64
4944	2417	64
20716	2418	64
6852	2419	64
15042	2420	64
25820	2421	64
29238	2422	64
35059	2423	64
47860	2424	64
13016	2425	64
32840	2426	64
37318	2427	64
12791	2428	64
4208	2429	64
33307	2430	64
37629	2431	64
4035	2432	64
2923	2433	64
25862	2434	64
16022	2435	64
22939	2436	64
43163	2437	64
3522	2438	64
40762	2439	64
21264	2440	64
26571	2441	64
44416	2442	64
46925	2443	64
26378	2444	64
45523	2445	64
5023	2446	64
39492	2447	64
33097	2448	64
41434	2449	64
37380	2450	64
34275	2451	64
23238	2452	64
3157	2453	64
734	2454	64
12874	2455	64
25369	2456	64
41632	2457	64
13149	2458	64
3191	2459	64
44159	2460	64
12240	2461	64
2486	2462	64
48376	2463	64
36876	2464	64
18281	2465	64
28458	2466	64
11453	2467	64
29017	2468	64
48373	2469	64
23858	2470	64
34538	2471	64
45133	2472	64
11797	2473	64
44050	2474	64
2582	2475	64
7208	2476	64
7705	2477	64
28089	2478	64
13139	2479	64
25859	2480	64
33620	2481	64
4852	2482	64
44180	2483	63
34228	2484	63
22599	2485	63
10988	2486	63
7823	2487	63
41374	2488	63
1410	2489	63
19982	2490	63
30245	2491	63
44009	2492	63
18880	2493	63
42645	2494	63
33477	2495	63
30736	2496	63
21878	2497	63
18349	2498	63
24474	2499	63
31670	2500	63
6361	2501	63
31117	2502	63
6884	2503	63
13388	2504	63
39789	2505	63
33484	2506	63
8476	2507	63
9525	2508	63
46656	2509	63
30771	2510	63
47040	2511	63
1184	2512	63
33957	2513	63
3739	2514	63
47476	2515	63
5297	2516	63
3841	2517	63
20869	2518	63
41046	2519	63
6753	2520	63
44318	2521	63
48211	2522	63
17599	2523	63
5880	2524	63
15659	2525	63
44799	2526	63
17723	2527	63
26277	2528	63
1374	2529	63
48296	2530	63
34252	2531	63
4348	2532	63
9927	2533	63
48634	2534	63
30226	2535	63
8065	2536	63
6944	2537	63
6422	2538	63
21940	2539	63
39402	2540	63
28044	2541	63
36194	2542	63
8217	2543	63
36865	2544	63
13435	2545	63
17106	2546	63
36427	2547	63
33715	2548	63
39523	2549	63
18060	2550	62
19915	2551	62
46911	2552	62
34703	2553	62
36929	2554	62
29301	2555	62
32612	2556	62
33140	2557	62
3719	2558	62
41009	2559	62
10696	2560	62
2993	2561	62
6096	2562	62
6779	2563	62
20840	2564	62
836	2565	62
14967	2566	62
2147	2567	62
24421	2568	62
28190	2569	62
14551	2570	62
5974	2571	62
41166	2572	62
43228	2573	62
16825	2574	62
2265	2575	62
43044	2576	62
28341	2577	62
6396	2578	62
43807	2579	62
48608	2580	62
22422	2581	62
33035	2582	62
42176	2583	62
25515	2584	62
27004	2585	62
9766	2586	62
44385	2587	62
30297	2588	62
42359	2589	62
34140	2590	62
14813	2591	62
17827	2592	62
44786	2593	62
24442	2594	62
29581	2595	62
19250	2596	62
18695	2597	62
36856	2598	62
33967	2599	62
42607	2600	62
4619	2601	62
39327	2602	62
22011	2603	62
3915	2604	62
43713	2605	62
12213	2606	62
5365	2607	62
29988	2608	62
35254	2609	62
32776	2610	62
8875	2611	62
4197	2612	62
40733	2613	62
2309	2614	62
43605	2615	62
1534	2616	62
13234	2617	62
43331	2618	62
47343	2619	61
39376	2620	61
47096	2621	61
11309	2622	61
28385	2623	61
1794	2624	61
36874	2625	61
32341	2626	61
26483	2627	61
39303	2628	61
31479	2629	61
18735	2630	61
8203	2631	61
40580	2632	61
6491	2633	61
31520	2634	61
12541	2635	61
27066	2636	61
40449	2637	61
15882	2638	61
36288	2639	61
45400	2640	61
33355	2641	61
2326	2642	61
17953	2643	61
78	2644	61
29048	2645	61
48234	2646	61
35720	2647	61
35681	2648	61
4319	2649	61
20876	2650	61
6553	2651	61
32093	2652	61
5195	2653	61
17877	2654	61
34253	2655	61
46851	2656	61
46231	2657	61
26022	2658	61
27458	2659	61
10586	2660	61
30500	2661	61
24343	2662	61
7483	2663	61
9987	2664	61
37707	2665	61
47678	2666	61
46443	2667	61
14807	2668	61
6641	2669	61
21562	2670	61
32042	2671	61
20191	2672	61
15665	2673	61
43306	2674	61
14102	2675	61
11579	2676	61
31882	2677	61
2665	2678	61
31720	2679	61
774	2680	61
28005	2681	61
24723	2682	61
23089	2683	61
26758	2684	61
20403	2685	61
14124	2686	60
4831	2687	60
41718	2688	60
25935	2689	60
34397	2690	60
27665	2691	60
2759	2692	60
34712	2693	60
3725	2694	60
18123	2695	60
21022	2696	60
19606	2697	60
24091	2698	60
6170	2699	60
38111	2700	60
19866	2701	60
25980	2702	60
39874	2703	60
23254	2704	60
43208	2705	60
47187	2706	60
11474	2707	60
13083	2708	60
31095	2709	60
667	2710	60
42243	2711	60
11971	2712	60
13936	2713	60
1890	2714	60
2338	2715	60
46688	2716	60
46753	2717	60
24853	2718	60
19093	2719	60
40915	2720	60
6941	2721	60
17183	2722	60
45250	2723	60
46265	2724	60
693	2725	60
6359	2726	60
16821	2727	60
21512	2728	60
36010	2729	60
45076	2730	60
11270	2731	60
22677	2732	60
40541	2733	60
14331	2734	60
33688	2735	60
8544	2736	60
24460	2737	60
6178	2738	60
44528	2739	60
26942	2740	60
3740	2741	60
35843	2742	60
38248	2743	60
17591	2744	60
13465	2745	60
35485	2746	60
31761	2747	60
13172	2748	60
6917	2749	60
39686	2750	60
15944	2751	60
39446	2752	60
32850	2753	60
30838	2754	60
35219	2755	59
5067	2756	59
12133	2757	59
47915	2758	59
31909	2759	59
2149	2760	59
15424	2761	59
46454	2762	59
10023	2763	59
41466	2764	59
15315	2765	59
14819	2766	59
43127	2767	59
45016	2768	59
12566	2769	59
27280	2770	59
26126	2771	59
13088	2772	59
14013	2773	59
36788	2774	59
3590	2775	59
39473	2776	59
18881	2777	59
11658	2778	59
44174	2779	59
1051	2780	59
37433	2781	59
48484	2782	59
10330	2783	59
6543	2784	59
6437	2785	59
19956	2786	59
144	2787	59
36910	2788	59
16991	2789	59
35787	2790	59
6958	2791	59
3046	2792	59
25979	2793	59
27780	2794	59
45811	2795	59
41063	2796	59
35911	2797	59
2749	2798	59
35846	2799	59
15881	2800	59
44437	2801	59
22562	2802	59
32832	2803	59
22233	2804	59
30594	2805	59
37623	2806	59
44988	2807	59
22952	2808	59
31014	2809	59
46642	2810	59
1810	2811	59
577	2812	59
40973	2813	59
23921	2814	59
5509	2815	59
24901	2816	59
28681	2817	59
37718	2818	59
5865	2819	59
43249	2820	59
18615	2821	59
21024	2822	58
22404	2823	58
31826	2824	58
47902	2825	58
6012	2826	58
39011	2827	58
34366	2828	58
1895	2829	58
7962	2830	58
38235	2831	58
40845	2832	58
35167	2833	58
27828	2834	58
8129	2835	58
45835	2836	58
11388	2837	58
20317	2838	58
43287	2839	58
13335	2840	58
32273	2841	58
21820	2842	58
8531	2843	58
4918	2844	58
46644	2845	58
34856	2846	58
11913	2847	58
44700	2848	58
47547	2849	58
8221	2850	58
46380	2851	58
44673	2852	58
33860	2853	58
21658	2854	58
19577	2855	58
27201	2856	58
6115	2857	58
18029	2858	58
36146	2859	58
24326	2860	58
42969	2861	58
9791	2862	58
31252	2863	58
44864	2864	58
3169	2865	58
26577	2866	58
9454	2867	58
22934	2868	58
8177	2869	58
24482	2870	58
32777	2871	58
4618	2872	58
10590	2873	58
36031	2874	58
47753	2875	58
47311	2876	58
18658	2877	58
40457	2878	58
37037	2879	58
33419	2880	58
46967	2881	58
12159	2882	58
40258	2883	58
4188	2884	58
15717	2885	58
20901	2886	58
40157	2887	58
42467	2888	58
19960	2889	58
20541	2890	57
35685	2891	57
17908	2892	57
27265	2893	57
33410	2894	57
26681	2895	57
36045	2896	57
15840	2897	57
29283	2898	57
3267	2899	57
7787	2900	57
4029	2901	57
34974	2902	57
8137	2903	57
14524	2904	57
42343	2905	57
39029	2906	57
25471	2907	57
19066	2908	57
3209	2909	57
16002	2910	57
20076	2911	57
9373	2912	57
1271	2913	57
1961	2914	57
23888	2915	57
26158	2916	57
590	2917	57
10652	2918	57
1160	2919	57
39343	2920	57
36023	2921	57
38401	2922	57
32214	2923	57
39783	2924	57
7296	2925	57
15629	2926	57
47807	2927	57
34742	2928	57
1163	2929	57
38361	2930	57
9662	2931	57
26888	2932	57
31516	2933	57
26679	2934	57
9531	2935	57
46888	2936	57
29137	2937	57
39959	2938	57
15683	2939	57
16454	2940	57
48401	2941	57
18090	2942	57
45230	2943	57
26864	2944	57
42595	2945	57
36355	2946	57
16742	2947	57
34305	2948	57
35399	2949	57
19263	2950	57
9742	2951	57
7428	2952	57
20877	2953	57
34901	2954	57
34046	2955	57
10490	2956	57
1546	2957	57
38410	2958	56
11588	2959	56
28266	2960	56
46639	2961	56
8404	2962	56
13997	2963	56
14474	2964	56
39319	2965	56
16275	2966	56
24507	2967	56
5256	2968	56
27037	2969	56
22526	2970	56
21353	2971	56
24709	2972	56
34290	2973	56
35054	2974	56
12665	2975	56
29392	2976	56
38523	2977	56
7301	2978	56
319	2979	56
40987	2980	56
42753	2981	56
8872	2982	56
20734	2983	56
26604	2984	56
39861	2985	56
8948	2986	56
46069	2987	56
43194	2988	56
14196	2989	56
7864	2990	56
42701	2991	56
3290	2992	56
34073	2993	56
47770	2994	56
24064	2995	56
37137	2996	56
15292	2997	56
36811	2998	56
17020	2999	56
40687	3000	56
43391	3001	56
40265	3002	56
10617	3003	56
20173	3004	56
22066	3005	56
12685	3006	56
4610	3007	56
31206	3008	56
45568	3009	56
32437	3010	56
39173	3011	56
35138	3012	56
8569	3013	56
47551	3014	56
4141	3015	56
17690	3016	56
12242	3017	56
20919	3018	56
8151	3019	56
3720	3020	56
43850	3021	56
39555	3022	56
32889	3023	56
36769	3024	56
39140	3025	56
9130	3026	55
11425	3027	55
24141	3028	55
6649	3029	55
39182	3030	55
19034	3031	55
8274	3032	55
35542	3033	55
12692	3034	55
33404	3035	55
20018	3036	55
44241	3037	55
40701	3038	55
42671	3039	55
1381	3040	55
27003	3041	55
10817	3042	55
42470	3043	55
4569	3044	55
32013	3045	55
21582	3046	55
15635	3047	55
46731	3048	55
15899	3049	55
4705	3050	55
29784	3051	55
3500	3052	55
2761	3053	55
11770	3054	55
41459	3055	55
21211	3056	55
19478	3057	55
6765	3058	55
29150	3059	55
20108	3060	55
2347	3061	55
29748	3062	55
43477	3063	55
22594	3064	55
37666	3065	55
12199	3066	55
33194	3067	55
38904	3068	55
44816	3069	55
44068	3070	55
15920	3071	55
47792	3072	55
16135	3073	55
36342	3074	55
24381	3075	55
22829	3076	55
28446	3077	55
23245	3078	55
47675	3079	55
2124	3080	55
21996	3081	55
29628	3082	55
1076	3083	55
41433	3084	55
8828	3085	55
18278	3086	55
15289	3087	55
11649	3088	55
7033	3089	55
30158	3090	55
43553	3091	55
12545	3092	55
13164	3093	55
36329	3094	54
23338	3095	54
45253	3096	54
43212	3097	54
28847	3098	54
36307	3099	54
40013	3100	54
6544	3101	54
7148	3102	54
9684	3103	54
5626	3104	54
19797	3105	54
16987	3106	54
32675	3107	54
19996	3108	54
21538	3109	54
11652	3110	54
2349	3111	54
11076	3112	54
21279	3113	54
13733	3114	54
24462	3115	54
28563	3116	54
31368	3117	54
4530	3118	54
1049	3119	54
28888	3120	54
19090	3121	54
34680	3122	54
14611	3123	54
45761	3124	54
34493	3125	54
43700	3126	54
28532	3127	54
16704	3128	54
23332	3129	54
20703	3130	54
8609	3131	54
7427	3132	54
44451	3133	54
42609	3134	54
30447	3135	54
17102	3136	54
18812	3137	54
21134	3138	54
20731	3139	54
37373	3140	54
8127	3141	54
41963	3142	54
38171	3143	54
24325	3144	54
4092	3145	54
36575	3146	54
2301	3147	54
13334	3148	54
22884	3149	54
34392	3150	54
5079	3151	54
25352	3152	54
27115	3153	54
46545	3154	54
45556	3155	54
43320	3156	54
26069	3157	54
22755	3158	54
11598	3159	54
42910	3160	54
7016	3161	54
7156	3162	53
33175	3163	53
38057	3164	53
13514	3165	53
27545	3166	53
28048	3167	53
28928	3168	53
45579	3169	53
16593	3170	53
7378	3171	53
20252	3172	53
12163	3173	53
11070	3174	53
47713	3175	53
44943	3176	53
4775	3177	53
7006	3178	53
32436	3179	53
19794	3180	53
13820	3181	53
48383	3182	53
5391	3183	53
34561	3184	53
20998	3185	53
5393	3186	53
41907	3187	53
7154	3188	53
29263	3189	53
10738	3190	53
39461	3191	53
45793	3192	53
20603	3193	53
35056	3194	53
27893	3195	53
17641	3196	53
2324	3197	53
16775	3198	53
32759	3199	53
6341	3200	53
15007	3201	53
37392	3202	53
150	3203	53
44161	3204	53
34934	3205	53
46092	3206	53
1692	3207	53
12773	3208	53
6702	3209	53
1390	3210	53
19192	3211	53
28655	3212	53
34061	3213	53
44660	3214	53
43788	3215	53
7776	3216	53
41311	3217	53
13072	3218	53
14646	3219	53
1748	3220	53
43918	3221	53
5201	3222	53
3814	3223	53
27468	3224	53
18789	3225	53
4715	3226	53
6934	3227	53
42884	3228	53
8299	3229	53
30769	3230	52
33216	3231	52
25277	3232	52
21850	3233	52
25042	3234	52
25740	3235	52
12942	3236	52
47593	3237	52
34439	3238	52
1468	3239	52
8623	3240	52
17709	3241	52
34055	3242	52
23737	3243	52
3381	3244	52
15898	3245	52
26440	3246	52
3759	3247	52
47804	3248	52
45425	3249	52
35239	3250	52
20392	3251	52
19829	3252	52
13309	3253	52
8748	3254	52
26572	3255	52
5629	3256	52
13173	3257	52
8652	3258	52
15757	3259	52
8933	3260	52
23003	3261	52
18806	3262	52
32919	3263	52
7890	3264	52
23241	3265	52
27026	3266	52
30656	3267	52
40451	3268	52
2231	3269	52
6749	3270	52
5119	3271	52
44720	3272	52
9533	3273	52
36884	3274	52
33913	3275	52
4785	3276	52
47683	3277	52
42850	3278	52
45111	3279	52
33093	3280	52
47262	3281	52
44478	3282	52
32126	3283	52
35300	3284	52
34373	3285	52
30985	3286	52
45722	3287	52
27938	3288	52
26046	3289	52
20833	3290	52
14730	3291	52
1627	3292	52
34190	3293	52
17044	3294	52
42938	3295	52
17941	3296	52
905	3297	52
26858	3298	52
39280	3299	51
8435	3300	51
38755	3301	51
34097	3302	51
731	3303	51
43632	3304	51
45146	3305	51
41773	3306	51
46546	3307	51
23541	3308	51
15063	3309	51
39108	3310	51
37896	3311	51
23618	3312	51
14079	3313	51
37333	3314	51
5930	3315	51
10650	3316	51
13549	3317	51
814	3318	51
38268	3319	51
44632	3320	51
8194	3321	51
45404	3322	51
39996	3323	51
34732	3324	51
22302	3325	51
12952	3326	51
16252	3327	51
29723	3328	51
24735	3329	51
34131	3330	51
24308	3331	51
33808	3332	51
1626	3333	51
8342	3334	51
2292	3335	51
37571	3336	51
6821	3337	51
22154	3338	51
21598	3339	51
35981	3340	51
48570	3341	51
555	3342	51
35024	3343	51
26306	3344	51
13544	3345	51
29705	3346	51
36417	3347	51
39702	3348	51
36928	3349	51
11068	3350	51
45361	3351	51
41765	3352	51
12711	3353	51
45892	3354	51
39793	3355	51
26884	3356	51
11001	3357	51
43760	3358	51
37326	3359	51
5850	3360	51
2118	3361	51
47577	3362	51
14938	3363	51
37938	3364	51
39249	3365	51
17653	3366	50
52	3367	50
18688	3368	50
1827	3369	50
31602	3370	50
34927	3371	50
47816	3372	50
42476	3373	50
37227	3374	50
46203	3375	50
46578	3376	50
26999	3377	50
40690	3378	50
34967	3379	50
7863	3380	50
32922	3381	50
45228	3382	50
21040	3383	50
44313	3384	50
34096	3385	50
11331	3386	50
373	3387	50
32420	3388	50
25457	3389	50
34651	3390	50
31807	3391	50
36974	3392	50
1027	3393	50
9217	3394	50
18243	3395	50
37292	3396	50
35291	3397	50
21567	3398	50
3354	3399	50
41450	3400	50
29518	3401	50
24080	3402	50
31135	3403	50
43385	3404	50
16926	3405	50
45438	3406	50
25200	3407	50
43489	3408	50
6144	3409	50
35352	3410	50
8512	3411	50
26907	3412	50
24030	3413	50
47029	3414	50
15624	3415	50
6132	3416	50
31126	3417	50
28290	3418	50
28165	3419	50
10336	3420	50
17868	3421	50
48486	3422	50
45554	3423	50
4383	3424	50
33542	3425	50
11848	3426	50
9351	3427	50
31425	3428	50
24250	3429	50
21875	3430	50
23161	3431	50
14571	3432	50
29639	3433	50
24040	3434	50
33464	3435	49
34007	3436	49
6511	3437	49
28981	3438	49
14604	3439	49
21495	3440	49
27838	3441	49
5171	3442	49
44312	3443	49
44386	3444	49
32134	3445	49
23358	3446	49
10984	3447	49
23741	3448	49
19122	3449	49
44129	3450	49
2858	3451	49
35530	3452	49
22605	3453	49
46702	3454	49
30532	3455	49
15938	3456	49
3976	3457	49
12014	3458	49
41764	3459	49
40757	3460	49
17446	3461	49
45941	3462	49
500	3463	49
30848	3464	49
43717	3465	49
17058	3466	49
22533	3467	49
24464	3468	49
44360	3469	49
11754	3470	49
31552	3471	49
26569	3472	49
43975	3473	49
25476	3474	49
12454	3475	49
9032	3476	49
47291	3477	49
4548	3478	49
179	3479	49
6825	3480	49
11234	3481	49
22282	3482	49
7765	3483	49
26113	3484	49
48524	3485	49
8755	3486	49
43215	3487	49
20938	3488	49
32068	3489	49
13324	3490	49
33489	3491	49
23824	3492	49
21426	3493	49
17296	3494	49
30489	3495	49
11855	3496	49
4346	3497	49
37594	3498	49
48485	3499	49
11325	3500	49
46270	3501	49
9990	3502	48
15247	3503	48
25500	3504	48
29011	3505	48
21823	3506	48
12656	3507	48
14461	3508	48
24016	3509	48
4072	3510	48
10189	3511	48
16193	3512	48
48012	3513	48
15140	3514	48
16973	3515	48
33772	3516	48
17837	3517	48
11940	3518	48
36138	3519	48
27496	3520	48
48348	3521	48
42461	3522	48
6306	3523	48
10565	3524	48
42278	3525	48
43084	3526	48
15495	3527	48
32486	3528	48
33363	3529	48
13261	3530	48
47046	3531	48
26421	3532	48
28703	3533	48
9977	3534	48
19633	3535	48
15736	3536	48
7869	3537	48
33559	3538	48
15094	3539	48
26047	3540	48
19558	3541	48
42175	3542	48
21810	3543	48
26672	3544	48
9711	3545	48
17740	3546	48
46217	3547	48
16395	3548	48
27899	3549	48
35961	3550	48
31329	3551	48
22000	3552	48
28561	3553	48
3497	3554	48
32689	3555	48
37274	3556	48
4744	3557	48
31608	3558	48
2988	3559	48
8616	3560	48
6007	3561	48
19662	3562	48
12850	3563	48
14746	3564	48
47402	3565	48
25611	3566	48
8878	3567	48
48586	3568	48
33001	3569	48
43621	3570	48
2947	3571	47
4776	3572	47
48604	3573	47
17765	3574	47
18940	3575	47
27748	3576	47
34171	3577	47
43315	3578	47
46860	3579	47
4642	3580	47
35320	3581	47
17705	3582	47
6368	3583	47
41551	3584	47
22144	3585	47
36883	3586	47
38232	3587	47
536	3588	47
27987	3589	47
33576	3590	47
39857	3591	47
40537	3592	47
7047	3593	47
28779	3594	47
36879	3595	47
41100	3596	47
2796	3597	47
15475	3598	47
1811	3599	47
20650	3600	47
10840	3601	47
19108	3602	47
41664	3603	47
36086	3604	47
48636	3605	47
11039	3606	47
28055	3607	47
6383	3608	47
2583	3609	47
4501	3610	47
33845	3611	47
7754	3612	47
18783	3613	47
18188	3614	47
44082	3615	47
33478	3616	47
21293	3617	47
22253	3618	47
47768	3619	47
9423	3620	47
46279	3621	47
37484	3622	47
23203	3623	47
26147	3624	47
27227	3625	47
5205	3626	47
46494	3627	47
18882	3628	47
30786	3629	47
11507	3630	47
44165	3631	47
10259	3632	47
13721	3633	47
24412	3634	47
48240	3635	47
27568	3636	47
17507	3637	47
30483	3638	46
39669	3639	46
30683	3640	46
22903	3641	46
22161	3642	46
39926	3643	46
34031	3644	46
26502	3645	46
47633	3646	46
5037	3647	46
14432	3648	46
29322	3649	46
4491	3650	46
1372	3651	46
1926	3652	46
30684	3653	46
4268	3654	46
48213	3655	46
41065	3656	46
17977	3657	46
28461	3658	46
2252	3659	46
26766	3660	46
3895	3661	46
30647	3662	46
42133	3663	46
5374	3664	46
4890	3665	46
10324	3666	46
36522	3667	46
5691	3668	46
48264	3669	46
30629	3670	46
40074	3671	46
36632	3672	46
28144	3673	46
24619	3674	46
12697	3675	46
34262	3676	46
44987	3677	46
26333	3678	46
220	3679	46
5808	3680	46
37041	3681	46
16899	3682	46
21635	3683	46
8209	3684	46
42443	3685	46
43737	3686	46
9751	3687	46
15694	3688	46
11512	3689	46
35830	3690	46
25097	3691	46
2320	3692	46
44468	3693	46
43113	3694	46
31473	3695	46
44609	3696	46
18050	3697	46
3982	3698	46
42185	3699	46
22168	3700	46
45848	3701	46
9272	3702	46
28241	3703	46
28557	3704	46
42475	3705	46
35345	3706	45
38329	3707	45
20307	3708	45
27696	3709	45
47266	3710	45
15215	3711	45
12914	3712	45
1229	3713	45
37163	3714	45
19710	3715	45
25361	3716	45
19733	3717	45
39628	3718	45
7287	3719	45
15411	3720	45
20608	3721	45
37538	3722	45
9207	3723	45
30423	3724	45
41635	3725	45
16430	3726	45
26365	3727	45
20220	3728	45
36829	3729	45
44833	3730	45
47300	3731	45
36863	3732	45
26232	3733	45
39061	3734	45
34332	3735	45
43325	3736	45
18429	3737	45
6912	3738	45
8717	3739	45
9603	3740	45
24802	3741	45
2057	3742	45
39456	3743	45
36510	3744	45
46801	3745	45
2280	3746	45
38286	3747	45
1024	3748	45
15583	3749	45
9107	3750	45
9150	3751	45
29509	3752	45
29425	3753	45
45716	3754	45
9733	3755	45
42023	3756	45
36600	3757	45
36543	3758	45
47290	3759	45
12693	3760	45
44869	3761	45
21043	3762	45
484	3763	45
28380	3764	45
12503	3765	45
43901	3766	45
40412	3767	45
34354	3768	45
16727	3769	45
46599	3770	45
21477	3771	45
30857	3772	45
3464	3773	45
30513	3774	44
31299	3775	44
31588	3776	44
494	3777	44
34510	3778	44
37483	3779	44
18124	3780	44
872	3781	44
27809	3782	44
11020	3783	44
19112	3784	44
23978	3785	44
35116	3786	44
33903	3787	44
15855	3788	44
30658	3789	44
38617	3790	44
3460	3791	44
34907	3792	44
23767	3793	44
32758	3794	44
4721	3795	44
2992	3796	44
4071	3797	44
30490	3798	44
19582	3799	44
39023	3800	44
10830	3801	44
21708	3802	44
48274	3803	44
3775	3804	44
41918	3805	44
13327	3806	44
7828	3807	44
28197	3808	44
42406	3809	44
5966	3810	44
28012	3811	44
42281	3812	44
19854	3813	44
30677	3814	44
26106	3815	44
45160	3816	44
24429	3817	44
44731	3818	44
16304	3819	44
26906	3820	44
16673	3821	44
1837	3822	44
36354	3823	44
13106	3824	44
46683	3825	44
8070	3826	44
34975	3827	44
31916	3828	44
24538	3829	44
48558	3830	44
46551	3831	44
27238	3832	44
4040	3833	44
9561	3834	44
11150	3835	44
20644	3836	44
29638	3837	44
21480	3838	44
35776	3839	44
7628	3840	44
38889	3841	44
29905	3842	44
14693	3843	43
28288	3844	43
15434	3845	43
41610	3846	43
10419	3847	43
16390	3848	43
12043	3849	43
20685	3850	43
40800	3851	43
37206	3852	43
22138	3853	43
19332	3854	43
28084	3855	43
39052	3856	43
8042	3857	43
42181	3858	43
6759	3859	43
4663	3860	43
31313	3861	43
1443	3862	43
16764	3863	43
29100	3864	43
42081	3865	43
20336	3866	43
11038	3867	43
23466	3868	43
29623	3869	43
24991	3870	43
46111	3871	43
27698	3872	43
41953	3873	43
24526	3874	43
22580	3875	43
41500	3876	43
36717	3877	43
25671	3878	43
10278	3879	43
42192	3880	43
7113	3881	43
43880	3882	43
8809	3883	43
8907	3884	43
11900	3885	43
5331	3886	43
47791	3887	43
7416	3888	43
20812	3889	43
32857	3890	43
41007	3891	43
13534	3892	43
13279	3893	43
10433	3894	43
20268	3895	43
16887	3896	43
22341	3897	43
43900	3898	43
43795	3899	43
293	3900	43
11746	3901	43
3068	3902	43
13877	3903	43
25321	3904	43
1499	3905	43
48057	3906	43
40336	3907	43
42353	3908	43
12061	3909	43
26711	3910	43
2156	3911	42
30776	3912	42
42337	3913	42
21576	3914	42
46423	3915	42
18339	3916	42
27344	3917	42
45635	3918	42
12762	3919	42
41118	3920	42
44431	3921	42
12269	3922	42
39277	3923	42
40324	3924	42
31395	3925	42
47062	3926	42
23540	3927	42
12494	3928	42
47772	3929	42
46948	3930	42
17963	3931	42
29667	3932	42
46760	3933	42
30760	3934	42
36644	3935	42
43703	3936	42
16553	3937	42
29416	3938	42
30283	3939	42
28470	3940	42
47287	3941	42
10509	3942	42
36356	3943	42
41950	3944	42
24825	3945	42
38434	3946	42
20483	3947	42
44422	3948	42
20094	3949	42
22413	3950	42
27145	3951	42
46081	3952	42
3888	3953	42
19897	3954	42
6166	3955	42
23502	3956	42
37211	3957	42
28724	3958	42
11914	3959	42
43420	3960	42
25493	3961	42
7029	3962	42
35403	3963	42
5163	3964	42
25622	3965	42
40597	3966	42
2456	3967	42
11078	3968	42
31718	3969	42
34117	3970	42
30690	3971	42
2683	3972	42
7774	3973	42
46228	3974	42
39851	3975	42
27715	3976	42
8186	3977	42
4139	3978	42
19731	3979	41
3356	3980	41
28920	3981	41
29974	3982	41
39284	3983	41
42755	3984	41
9581	3985	41
8157	3986	41
12319	3987	41
12356	3988	41
37490	3989	41
10461	3990	41
7564	3991	41
1843	3992	41
41126	3993	41
8647	3994	41
45919	3995	41
10329	3996	41
4818	3997	41
34552	3998	41
36106	3999	41
19827	4000	41
40612	4001	41
10945	4002	41
7926	4003	41
6909	4004	41
36667	4005	41
17018	4006	41
35809	4007	41
38475	4008	41
34771	4009	41
44974	4010	41
45341	4011	41
16324	4012	41
30998	4013	41
8417	4014	41
1640	4015	41
4081	4016	41
24012	4017	41
18016	4018	41
20974	4019	41
16925	4020	41
7767	4021	41
3496	4022	41
41553	4023	41
46289	4024	41
40839	4025	41
18567	4026	41
23976	4027	41
37367	4028	41
43094	4029	41
16597	4030	41
34420	4031	41
15066	4032	41
8824	4033	41
40064	4034	41
44907	4035	41
610	4036	41
17739	4037	41
40619	4038	41
18586	4039	41
37783	4040	41
47188	4041	41
24634	4042	41
39904	4043	41
12410	4044	41
36036	4045	41
35726	4046	40
22338	4047	40
1667	4048	40
22544	4049	40
40226	4050	40
30958	4051	40
40876	4052	40
22170	4053	40
33878	4054	40
14695	4055	40
10239	4056	40
23368	4057	40
25184	4058	40
38271	4059	40
26870	4060	40
33661	4061	40
39662	4062	40
818	4063	40
28422	4064	40
7255	4065	40
48130	4066	40
3042	4067	40
38384	4068	40
16330	4069	40
14383	4070	40
44097	4071	40
10361	4072	40
46484	4073	40
24143	4074	40
37947	4075	40
26565	4076	40
2559	4077	40
42845	4078	40
18848	4079	40
36274	4080	40
43404	4081	40
43839	4082	40
38744	4083	40
34092	4084	40
28303	4085	40
19842	4086	40
27154	4087	40
39242	4088	40
25660	4089	40
48444	4090	40
15055	4091	40
43534	4092	40
35864	4093	40
5351	4094	40
14906	4095	40
690	4096	40
39795	4097	40
452	4098	40
11537	4099	40
1714	4100	40
8622	4101	40
29365	4102	40
42997	4103	40
45541	4104	40
35151	4105	40
37579	4106	40
23994	4107	40
19408	4108	40
3600	4109	40
162	4110	40
31035	4111	40
61	4112	40
17387	4113	40
40949	4114	40
35937	4115	39
20639	4116	39
27418	4117	39
23010	4118	39
11016	4119	39
37792	4120	39
21796	4121	39
17626	4122	39
48118	4123	39
38639	4124	39
33068	4125	39
17603	4126	39
8290	4127	39
434	4128	39
25123	4129	39
12647	4130	39
48559	4131	39
18494	4132	39
13229	4133	39
2207	4134	39
27480	4135	39
4284	4136	39
46684	4137	39
41426	4138	39
40039	4139	39
4123	4140	39
7791	4141	39
8653	4142	39
16016	4143	39
1332	4144	39
16603	4145	39
32972	4146	39
39829	4147	39
8333	4148	39
20582	4149	39
28974	4150	39
30565	4151	39
2208	4152	39
29419	4153	39
13793	4154	39
28817	4155	39
32719	4156	39
47304	4157	39
27116	4158	39
11091	4159	39
23345	4160	39
21099	4161	39
7555	4162	39
11250	4163	39
45518	4164	39
19700	4165	39
34132	4166	39
44629	4167	39
37714	4168	39
14018	4169	39
30581	4170	39
46082	4171	39
30864	4172	39
26244	4173	39
33009	4174	39
5440	4175	39
9425	4176	39
6512	4177	39
47923	4178	39
31908	4179	39
8099	4180	39
39594	4181	39
12912	4182	38
2506	4183	38
11570	4184	38
24246	4185	38
32260	4186	38
25291	4187	38
25336	4188	38
31309	4189	38
32590	4190	38
24496	4191	38
25145	4192	38
25864	4193	38
33892	4194	38
15096	4195	38
29426	4196	38
14662	4197	38
31251	4198	38
25367	4199	38
13942	4200	38
5041	4201	38
20691	4202	38
41919	4203	38
12112	4204	38
21705	4205	38
44355	4206	38
13421	4207	38
22208	4208	38
13453	4209	38
42809	4210	38
31757	4211	38
33041	4212	38
1401	4213	38
27184	4214	38
40814	4215	38
9878	4216	38
37880	4217	38
46005	4218	38
24188	4219	38
23771	4220	38
1594	4221	38
34311	4222	38
34846	4223	38
43036	4224	38
13151	4225	38
15121	4226	38
17644	4227	38
4483	4228	38
26137	4229	38
43902	4230	38
47758	4231	38
35713	4232	38
7670	4233	38
38561	4234	38
18702	4235	38
17314	4236	38
47243	4237	38
12707	4238	38
3299	4239	38
2717	4240	38
24138	4241	38
4691	4242	38
17289	4243	38
8431	4244	38
15900	4245	38
3941	4246	38
36452	4247	38
15044	4248	38
47967	4249	38
30377	4250	38
28827	4251	37
8279	4252	37
41722	4253	37
31742	4254	37
9939	4255	37
1524	4256	37
37876	4257	37
16195	4258	37
40177	4259	37
584	4260	37
30238	4261	37
11964	4262	37
38485	4263	37
3248	4264	37
5652	4265	37
25069	4266	37
35402	4267	37
34178	4268	37
12502	4269	37
45701	4270	37
35436	4271	37
3203	4272	37
11634	4273	37
1711	4274	37
20075	4275	37
33827	4276	37
33681	4277	37
18987	4278	37
6101	4279	37
13929	4280	37
24888	4281	37
14230	4282	37
20484	4283	37
36694	4284	37
8330	4285	37
20110	4286	37
39983	4287	37
9283	4288	37
29805	4289	37
46126	4290	37
9780	4291	37
46016	4292	37
2871	4293	37
13598	4294	37
43956	4295	37
1459	4296	37
39220	4297	37
18595	4298	37
2063	4299	37
35938	4300	37
32820	4301	37
16141	4302	37
31944	4303	37
11232	4304	37
12832	4305	37
23380	4306	37
23701	4307	37
1422	4308	37
20961	4309	37
43501	4310	37
28937	4311	37
40622	4312	37
38362	4313	37
38657	4314	37
5341	4315	37
17930	4316	37
36216	4317	37
1503	4318	36
7130	4319	36
30084	4320	36
40846	4321	36
45258	4322	36
1801	4323	36
28278	4324	36
35232	4325	36
35705	4326	36
23789	4327	36
28912	4328	36
45305	4329	36
35967	4330	36
22516	4331	36
30735	4332	36
39521	4333	36
17347	4334	36
18240	4335	36
22818	4336	36
43832	4337	36
43090	4338	36
6440	4339	36
3744	4340	36
38831	4341	36
42619	4342	36
28105	4343	36
40280	4344	36
37232	4345	36
28962	4346	36
45402	4347	36
29063	4348	36
44462	4349	36
20377	4350	36
46441	4351	36
5741	4352	36
547	4353	36
32332	4354	36
26108	4355	36
44207	4356	36
25118	4357	36
23158	4358	36
36290	4359	36
23411	4360	36
34620	4361	36
14966	4362	36
6235	4363	36
28061	4364	36
48101	4365	36
30765	4366	36
41528	4367	36
33639	4368	36
46020	4369	36
47094	4370	36
22666	4371	36
29524	4372	36
20743	4373	36
2379	4374	36
426	4375	36
20895	4376	36
32926	4377	36
45227	4378	36
11396	4379	36
40588	4380	36
37731	4381	36
31545	4382	36
33956	4383	36
41814	4384	36
12790	4385	36
22909	4386	36
35820	4387	35
37502	4388	35
43671	4389	35
30519	4390	35
43829	4391	35
38798	4392	35
16060	4393	35
47449	4394	35
38725	4395	35
18866	4396	35
4231	4397	35
32631	4398	35
5767	4399	35
43613	4400	35
12388	4401	35
24598	4402	35
24988	4403	35
38854	4404	35
17298	4405	35
27586	4406	35
43147	4407	35
40494	4408	35
9203	4409	35
8025	4410	35
48132	4411	35
14635	4412	35
16630	4413	35
39719	4414	35
28291	4415	35
27506	4416	35
33402	4417	35
30334	4418	35
845	4419	35
4698	4420	35
11738	4421	35
10635	4422	35
40527	4423	35
10380	4424	35
27889	4425	35
39069	4426	35
42544	4427	35
45226	4428	35
9125	4429	35
34086	4430	35
18608	4431	35
34653	4432	35
16370	4433	35
602	4434	35
33023	4435	35
35512	4436	35
16180	4437	35
25449	4438	35
7975	4439	35
31438	4440	35
38809	4441	35
26781	4442	35
3444	4443	35
10985	4444	35
29166	4445	35
33010	4446	35
44921	4447	35
33510	4448	35
36425	4449	35
3135	4450	35
36726	4451	35
9860	4452	35
21546	4453	35
147	4454	34
45510	4455	34
18427	4456	34
10091	4457	34
30663	4458	34
37414	4459	34
40411	4460	34
46766	4461	34
5494	4462	34
14567	4463	34
29479	4464	34
36222	4465	34
45637	4466	34
34463	4467	34
1110	4468	34
35732	4469	34
36125	4470	34
45682	4471	34
46278	4472	34
32061	4473	34
2889	4474	34
1573	4475	34
2417	4476	34
29825	4477	34
33577	4478	34
12587	4479	34
24363	4480	34
4088	4481	34
14892	4482	34
37462	4483	34
32685	4484	34
26372	4485	34
19837	4486	34
19862	4487	34
4443	4488	34
42587	4489	34
44744	4490	34
47615	4491	34
11445	4492	34
19037	4493	34
42538	4494	34
43112	4495	34
31919	4496	34
46954	4497	34
43984	4498	34
1204	4499	34
44191	4500	34
34631	4501	34
12552	4502	34
19802	4503	34
7369	4504	34
21526	4505	34
24611	4506	34
10850	4507	34
33636	4508	34
14612	4509	34
19209	4510	34
1225	4511	34
21240	4512	34
35210	4513	34
7072	4514	34
13207	4515	34
37180	4516	34
37464	4517	34
47477	4518	34
14298	4519	34
6433	4520	34
22744	4521	34
2188	4522	34
8646	4523	33
16394	4524	33
17889	4525	33
20084	4526	33
47604	4527	33
11604	4528	33
34321	4529	33
4625	4530	33
43745	4531	33
5496	4532	33
44030	4533	33
8743	4534	33
7312	4535	33
29345	4536	33
14067	4537	33
27991	4538	33
47317	4539	33
29460	4540	33
30719	4541	33
41969	4542	33
25776	4543	33
33696	4544	33
16459	4545	33
45829	4546	33
27138	4547	33
5666	4548	33
16733	4549	33
5454	4550	33
8146	4551	33
29516	4552	33
19248	4553	33
34775	4554	33
16100	4555	33
17049	4556	33
41206	4557	33
30328	4558	33
13602	4559	33
39055	4560	33
1205	4561	33
46342	4562	33
9497	4563	33
2845	4564	33
2924	4565	33
44088	4566	33
16197	4567	33
45981	4568	33
18846	4569	33
9798	4570	33
25678	4571	33
29375	4572	33
18139	4573	33
12208	4574	33
14740	4575	33
13709	4576	33
37201	4577	33
28119	4578	33
26035	4579	33
30854	4580	33
32606	4581	33
24061	4582	33
11373	4583	33
47602	4584	33
21479	4585	33
11774	4586	33
6570	4587	33
3794	4588	33
19703	4589	33
42122	4590	32
28034	4591	32
24049	4592	32
28502	4593	32
43422	4594	32
27901	4595	32
11656	4596	32
8110	4597	32
19857	4598	32
41693	4599	32
15955	4600	32
27843	4601	32
17904	4602	32
28215	4603	32
13666	4604	32
18042	4605	32
7177	4606	32
22349	4607	32
21222	4608	32
482	4609	32
34545	4610	32
46155	4611	32
15228	4612	32
5186	4613	32
42450	4614	32
31211	4615	32
27048	4616	32
9691	4617	32
110	4618	32
2786	4619	32
35986	4620	32
27740	4621	32
33265	4622	32
15756	4623	32
22797	4624	32
9984	4625	32
29843	4626	32
31372	4627	32
19328	4628	32
40519	4629	32
23936	4630	32
23025	4631	32
8181	4632	32
10260	4633	32
48521	4634	32
5854	4635	32
21302	4636	32
822	4637	32
43423	4638	32
31379	4639	32
20361	4640	32
44643	4641	32
27286	4642	32
39079	4643	32
29626	4644	32
5563	4645	32
6908	4646	32
4101	4647	32
26842	4648	32
29295	4649	32
4393	4650	32
10346	4651	32
19378	4652	32
1203	4653	32
17443	4654	32
4400	4655	32
32654	4656	32
1360	4657	32
12074	4658	31
43976	4659	31
32521	4660	31
30308	4661	31
37642	4662	31
9492	4663	31
33258	4664	31
48028	4665	31
23955	4666	31
32691	4667	31
29385	4668	31
12634	4669	31
3560	4670	31
29073	4671	31
42342	4672	31
38308	4673	31
1114	4674	31
28088	4675	31
22262	4676	31
31866	4677	31
7622	4678	31
6286	4679	31
19781	4680	31
23677	4681	31
43128	4682	31
33981	4683	31
3387	4684	31
10626	4685	31
17600	4686	31
41702	4687	31
33633	4688	31
17259	4689	31
3212	4690	31
34452	4691	31
17702	4692	31
35963	4693	31
44228	4694	31
26950	4695	31
6467	4696	31
34473	4697	31
16011	4698	31
26120	4699	31
42144	4700	31
21294	4701	31
32988	4702	31
14367	4703	31
11023	4704	31
27905	4705	31
12529	4706	31
40847	4707	31
16989	4708	31
45949	4709	31
14882	4710	31
11973	4711	31
10896	4712	31
7637	4713	31
5062	4714	31
44223	4715	31
18506	4716	31
47031	4717	31
3833	4718	31
18418	4719	31
16291	4720	31
31360	4721	31
20892	4722	31
30749	4723	31
1608	4724	31
43634	4725	31
40374	4726	31
26049	4727	30
47778	4728	30
12777	4729	30
15387	4730	30
39609	4731	30
39507	4732	30
40068	4733	30
12908	4734	30
36379	4735	30
22325	4736	30
22166	4737	30
28259	4738	30
10170	4739	30
42688	4740	30
44124	4741	30
2803	4742	30
43978	4743	30
42304	4744	30
27018	4745	30
16262	4746	30
42974	4747	30
33980	4748	30
23074	4749	30
28002	4750	30
2891	4751	30
13399	4752	30
2045	4753	30
36037	4754	30
30497	4755	30
19288	4756	30
11469	4757	30
35418	4758	30
3541	4759	30
1595	4760	30
22770	4761	30
4834	4762	30
2520	4763	30
41884	4764	30
17100	4765	30
38264	4766	30
33879	4767	30
32346	4768	30
1740	4769	30
9050	4770	30
4746	4771	30
9209	4772	30
13579	4773	30
34153	4774	30
35614	4775	30
16112	4776	30
9670	4777	30
29351	4778	30
20002	4779	30
8487	4780	30
27067	4781	30
18461	4782	30
15591	4783	30
5481	4784	30
22832	4785	30
20059	4786	30
45430	4787	30
6271	4788	30
10538	4789	30
8840	4790	30
4164	4791	30
47576	4792	30
2621	4793	30
38701	4794	30
16573	4795	29
28876	4796	29
13000	4797	29
40462	4798	29
22848	4799	29
15516	4800	29
6768	4801	29
35872	4802	29
13811	4803	29
21380	4804	29
47514	4805	29
28097	4806	29
7934	4807	29
27894	4808	29
16565	4809	29
44725	4810	29
25266	4811	29
19994	4812	29
2254	4813	29
4897	4814	29
17553	4815	29
24355	4816	29
5117	4817	29
48595	4818	29
11932	4819	29
35430	4820	29
40215	4821	29
13251	4822	29
4440	4823	29
46053	4824	29
47204	4825	29
19060	4826	29
24499	4827	29
20412	4828	29
34301	4829	29
15823	4830	29
25181	4831	29
39071	4832	29
7357	4833	29
2022	4834	29
2412	4835	29
23298	4836	29
46872	4837	29
5736	4838	29
30825	4839	29
32292	4840	29
5381	4841	29
40638	4842	29
11149	4843	29
16817	4844	29
6549	4845	29
42056	4846	29
34815	4847	29
41581	4848	29
7734	4849	29
5445	4850	29
4296	4851	29
33231	4852	29
27045	4853	29
9383	4854	29
17639	4855	29
30759	4856	29
45014	4857	29
36775	4858	29
47379	4859	29
22781	4860	29
7419	4861	29
18759	4862	29
26269	4863	28
46057	4864	28
4003	4865	28
1444	4866	28
32123	4867	28
36558	4868	28
5204	4869	28
26172	4870	28
31527	4871	28
40731	4872	28
20502	4873	28
26620	4874	28
48189	4875	28
35177	4876	28
33622	4877	28
37987	4878	28
8365	4879	28
29949	4880	28
748	4881	28
41313	4882	28
39301	4883	28
19688	4884	28
36269	4885	28
15450	4886	28
22582	4887	28
17000	4888	28
47281	4889	28
1152	4890	28
26416	4891	28
3532	4892	28
8852	4893	28
8051	4894	28
46961	4895	28
18054	4896	28
31859	4897	28
32302	4898	28
8633	4899	28
16901	4900	28
14405	4901	28
11304	4902	28
28147	4903	28
19831	4904	28
29196	4905	28
47047	4906	28
21593	4907	28
20499	4908	28
48084	4909	28
17063	4910	28
22229	4911	28
8126	4912	28
21712	4913	28
5215	4914	28
32168	4915	28
31943	4916	28
41768	4917	28
43207	4918	28
28730	4919	28
26128	4920	28
35114	4921	28
705	4922	28
20188	4923	28
12979	4924	28
24203	4925	28
12624	4926	28
24566	4927	28
9801	4928	28
45187	4929	28
30752	4930	28
45368	4931	27
21150	4932	27
47540	4933	27
29995	4934	27
37946	4935	27
6117	4936	27
25791	4937	27
34068	4938	27
35666	4939	27
5683	4940	27
42625	4941	27
14912	4942	27
4692	4943	27
7923	4944	27
5665	4945	27
27129	4946	27
36604	4947	27
32728	4948	27
34094	4949	27
36344	4950	27
7038	4951	27
19099	4952	27
39397	4953	27
47418	4954	27
32894	4955	27
18888	4956	27
46313	4957	27
22916	4958	27
43425	4959	27
43089	4960	27
39515	4961	27
42294	4962	27
22365	4963	27
2840	4964	27
11756	4965	27
22142	4966	27
15196	4967	27
19761	4968	27
14861	4969	27
41097	4970	27
23224	4971	27
31403	4972	27
47557	4973	27
27999	4974	27
7112	4975	27
6581	4976	27
27091	4977	27
37817	4978	27
10076	4979	27
7096	4980	27
7661	4981	27
47192	4982	27
2475	4983	27
24067	4984	27
34695	4985	27
22754	4986	27
31002	4987	27
13082	4988	27
39817	4989	27
42968	4990	27
19008	4991	27
16834	4992	27
30095	4993	27
12180	4994	27
23881	4995	27
45435	4996	27
20929	4997	27
722	4998	26
46677	4999	26
45920	5000	26
26370	5001	26
44818	5002	26
42142	5003	26
36119	5004	26
24897	5005	26
37722	5006	26
16501	5007	26
9814	5008	26
29620	5009	26
31295	5010	26
9655	5011	26
2578	5012	26
25014	5013	26
36059	5014	26
14581	5015	26
41645	5016	26
13039	5017	26
32907	5018	26
27849	5019	26
1222	5020	26
37773	5021	26
27193	5022	26
32434	5023	26
1239	5024	26
11470	5025	26
8999	5026	26
10532	5027	26
10867	5028	26
30312	5029	26
17370	5030	26
37745	5031	26
14122	5032	26
1471	5033	26
36396	5034	26
42490	5035	26
12011	5036	26
44459	5037	26
6603	5038	26
33148	5039	26
9088	5040	26
26535	5041	26
21447	5042	26
31522	5043	26
32878	5044	26
31200	5045	26
11970	5046	26
32446	5047	26
6538	5048	26
11368	5049	26
30306	5050	26
1169	5051	26
42062	5052	26
27068	5053	26
23626	5054	26
41601	5055	26
41130	5056	26
25715	5057	26
20903	5058	26
33070	5059	26
11436	5060	26
11468	5061	26
10992	5062	26
28832	5063	26
15625	5064	26
7367	5065	26
15146	5066	26
17835	5067	25
27031	5068	25
21319	5069	25
28431	5070	25
37974	5071	25
8575	5072	25
4163	5073	25
39054	5074	25
47968	5075	25
28280	5076	25
30559	5077	25
12769	5078	25
29815	5079	25
13459	5080	25
3054	5081	25
22688	5082	25
17082	5083	25
20872	5084	25
20282	5085	25
36041	5086	25
37550	5087	25
38516	5088	25
23509	5089	25
39159	5090	25
28344	5091	25
18338	5092	25
43548	5093	25
643	5094	25
43463	5095	25
6104	5096	25
24502	5097	25
14765	5098	25
42251	5099	25
15180	5100	25
25090	5101	25
19082	5102	25
21266	5103	25
45780	5104	25
14402	5105	25
7330	5106	25
3448	5107	25
26112	5108	25
47904	5109	25
7412	5110	25
21522	5111	25
31806	5112	25
42208	5113	25
2170	5114	25
42659	5115	25
36409	5116	25
10619	5117	25
16172	5118	25
13121	5119	25
14158	5120	25
21262	5121	25
23181	5122	25
38466	5123	25
15889	5124	25
28613	5125	25
34009	5126	25
36011	5127	25
41171	5128	25
29609	5129	25
28746	5130	25
36402	5131	25
21494	5132	25
8424	5133	25
4107	5134	24
3487	5135	24
9902	5136	24
15708	5137	24
9804	5138	24
48075	5139	24
26692	5140	24
43280	5141	24
24794	5142	24
45128	5143	24
24221	5144	24
27113	5145	24
38529	5146	24
4543	5147	24
45717	5148	24
35394	5149	24
26144	5150	24
43152	5151	24
39572	5152	24
14284	5153	24
6455	5154	24
1971	5155	24
41592	5156	24
25977	5157	24
41312	5158	24
19320	5159	24
5916	5160	24
41793	5161	24
20210	5162	24
40047	5163	24
36626	5164	24
40363	5165	24
39389	5166	24
16033	5167	24
7217	5168	24
36552	5169	24
27859	5170	24
26684	5171	24
26230	5172	24
13881	5173	24
15350	5174	24
23038	5175	24
28232	5176	24
38652	5177	24
16117	5178	24
30589	5179	24
8568	5180	24
11912	5181	24
5268	5182	24
2010	5183	24
21724	5184	24
5962	5185	24
6195	5186	24
31301	5187	24
15327	5188	24
20015	5189	24
6372	5190	24
16849	5191	24
38666	5192	24
31223	5193	24
13852	5194	24
36507	5195	24
9421	5196	24
7531	5197	24
40	5198	24
27011	5199	24
25007	5200	24
254	5201	24
24725	5202	24
3018	5203	23
11712	5204	23
38567	5205	23
34058	5206	23
41825	5207	23
10851	5208	23
45406	5209	23
12268	5210	23
10995	5211	23
7372	5212	23
35118	5213	23
6222	5214	23
8648	5215	23
23883	5216	23
42692	5217	23
13851	5218	23
10551	5219	23
46636	5220	23
25211	5221	23
6823	5222	23
42743	5223	23
10204	5224	23
12606	5225	23
25116	5226	23
8977	5227	23
21697	5228	23
606	5229	23
23514	5230	23
13678	5231	23
9821	5232	23
20474	5233	23
28037	5234	23
46181	5235	23
23469	5236	23
27782	5237	23
47255	5238	23
23248	5239	23
4247	5240	23
19436	5241	23
41367	5242	23
42528	5243	23
37288	5244	23
6323	5245	23
27432	5246	23
5758	5247	23
23605	5248	23
21600	5249	23
47004	5250	23
17482	5251	23
16157	5252	23
2938	5253	23
20183	5254	23
23049	5255	23
35814	5256	23
12226	5257	23
1722	5258	23
25192	5259	23
5770	5260	23
10306	5261	23
13373	5262	23
29906	5263	23
3599	5264	23
42936	5265	23
40307	5266	23
4811	5267	23
39932	5268	23
23624	5269	23
27347	5270	22
1625	5271	22
41244	5272	22
18460	5273	22
21075	5274	22
35188	5275	22
35579	5276	22
34424	5277	22
9518	5278	22
30382	5279	22
10831	5280	22
8758	5281	22
26490	5282	22
21002	5283	22
346	5284	22
27357	5285	22
8882	5286	22
20545	5287	22
15810	5288	22
29321	5289	22
12305	5290	22
15637	5291	22
11845	5292	22
16158	5293	22
44784	5294	22
9246	5295	22
18659	5296	22
24019	5297	22
9190	5298	22
31647	5299	22
33055	5300	22
14347	5301	22
38917	5302	22
43312	5303	22
36728	5304	22
44492	5305	22
35092	5306	22
18590	5307	22
4883	5308	22
7391	5309	22
35146	5310	22
27412	5311	22
3827	5312	22
3824	5313	22
19746	5314	22
4980	5315	22
36323	5316	22
6450	5317	22
2525	5318	22
17152	5319	22
22538	5320	22
26117	5321	22
41073	5322	22
26199	5323	22
4183	5324	22
45531	5325	22
8021	5326	22
22116	5327	22
47976	5328	22
19186	5329	22
15928	5330	22
6191	5331	22
47977	5332	22
1320	5333	22
7752	5334	22
44948	5335	22
29170	5336	22
44327	5337	22
9353	5338	21
4204	5339	21
30065	5340	21
8690	5341	21
40199	5342	21
44881	5343	21
45665	5344	21
32702	5345	21
17578	5346	21
33864	5347	21
42513	5348	21
38116	5349	21
37511	5350	21
24285	5351	21
18025	5352	21
18549	5353	21
45781	5354	21
15057	5355	21
2780	5356	21
4205	5357	21
35612	5358	21
42435	5359	21
47726	5360	21
41074	5361	21
25112	5362	21
37422	5363	21
16877	5364	21
39443	5365	21
37124	5366	21
14532	5367	21
24280	5368	21
24150	5369	21
38677	5370	21
38789	5371	21
44083	5372	21
28328	5373	21
9506	5374	21
44769	5375	21
9225	5376	21
40969	5377	21
4069	5378	21
27041	5379	21
16409	5380	21
43735	5381	21
41190	5382	21
9502	5383	21
24051	5384	21
2806	5385	21
20815	5386	21
19790	5387	21
26373	5388	21
31082	5389	21
42751	5390	21
14725	5391	21
12195	5392	21
11925	5393	21
16257	5394	21
33694	5395	21
34784	5396	21
1739	5397	21
34528	5398	21
10008	5399	21
30717	5400	21
40826	5401	21
5975	5402	21
4523	5403	21
38165	5404	21
14066	5405	21
44024	5406	20
634	5407	20
2817	5408	20
27588	5409	20
23109	5410	20
34220	5411	20
12093	5412	20
29052	5413	20
42171	5414	20
27434	5415	20
17122	5416	20
11713	5417	20
3919	5418	20
625	5419	20
32331	5420	20
43753	5421	20
21481	5422	20
25036	5423	20
9777	5424	20
33203	5425	20
19548	5426	20
20990	5427	20
30781	5428	20
42947	5429	20
34692	5430	20
7875	5431	20
6330	5432	20
7740	5433	20
25332	5434	20
33583	5435	20
5013	5436	20
46365	5437	20
31907	5438	20
30459	5439	20
36104	5440	20
44209	5441	20
47982	5442	20
22291	5443	20
42025	5444	20
46997	5445	20
38708	5446	20
891	5447	20
8113	5448	20
33992	5449	20
21276	5450	20
29267	5451	20
44337	5452	20
29179	5453	20
44750	5454	20
13049	5455	20
47471	5456	20
30808	5457	20
12617	5458	20
29709	5459	20
22333	5460	20
25438	5461	20
22619	5462	20
11695	5463	20
43426	5464	20
2682	5465	20
44391	5466	20
46594	5467	20
34992	5468	20
29917	5469	20
16814	5470	20
20733	5471	20
47054	5472	20
12688	5473	20
9429	5474	19
23075	5475	19
42451	5476	19
37530	5477	19
9536	5478	19
33494	5479	19
13520	5480	19
27919	5481	19
12597	5482	19
9053	5483	19
27348	5484	19
46047	5485	19
14787	5486	19
45295	5487	19
37633	5488	19
20656	5489	19
34797	5490	19
23114	5491	19
6578	5492	19
24066	5493	19
32512	5494	19
20832	5495	19
13923	5496	19
48035	5497	19
43948	5498	19
4118	5499	19
11350	5500	19
47416	5501	19
4678	5502	19
2510	5503	19
48616	5504	19
16717	5505	19
25113	5506	19
2068	5507	19
4542	5508	19
12522	5509	19
42502	5510	19
4889	5511	19
8753	5512	19
21405	5513	19
8731	5514	19
34010	5515	19
19791	5516	19
40882	5517	19
24172	5518	19
25619	5519	19
18258	5520	19
37859	5521	19
9965	5522	19
19057	5523	19
19009	5524	19
740	5525	19
28988	5526	19
17203	5527	19
30001	5528	19
2002	5529	19
6919	5530	19
15771	5531	19
26619	5532	19
43223	5533	19
4950	5534	19
7102	5535	19
20451	5536	19
16847	5537	19
8375	5538	19
34296	5539	19
33012	5540	19
26607	5541	19
3161	5542	19
46947	5543	18
31594	5544	18
20625	5545	18
11640	5546	18
8742	5547	18
12248	5548	18
34189	5549	18
17322	5550	18
46401	5551	18
43495	5552	18
4021	5553	18
13026	5554	18
43370	5555	18
1939	5556	18
16481	5557	18
20132	5558	18
37926	5559	18
45644	5560	18
6075	5561	18
42966	5562	18
2075	5563	18
40174	5564	18
34480	5565	18
5122	5566	18
3729	5567	18
8532	5568	18
1397	5569	18
41323	5570	18
37284	5571	18
21992	5572	18
18601	5573	18
2888	5574	18
34196	5575	18
15276	5576	18
24861	5577	18
41567	5578	18
33930	5579	18
21844	5580	18
7673	5581	18
3479	5582	18
25575	5583	18
32970	5584	18
16244	5585	18
19526	5586	18
1777	5587	18
4750	5588	18
37036	5589	18
29845	5590	18
8757	5591	18
39731	5592	18
7306	5593	18
33401	5594	18
4635	5595	18
46534	5596	18
3338	5597	18
38104	5598	18
31293	5599	18
25568	5600	18
33529	5601	18
21079	5602	18
19383	5603	18
28896	5604	18
31440	5605	18
6998	5606	18
4100	5607	18
8319	5608	18
8066	5609	18
30674	5610	18
3207	5611	17
21054	5612	17
38392	5613	17
3071	5614	17
39074	5615	17
29437	5616	17
22806	5617	17
43483	5618	17
23638	5619	17
16426	5620	17
12237	5621	17
28231	5622	17
24737	5623	17
27988	5624	17
13689	5625	17
3419	5626	17
20063	5627	17
24439	5628	17
16480	5629	17
23061	5630	17
40403	5631	17
38473	5632	17
20917	5633	17
39969	5634	17
23977	5635	17
4940	5636	17
31269	5637	17
25925	5638	17
37779	5639	17
20325	5640	17
25195	5641	17
7172	5642	17
8854	5643	17
36502	5644	17
43491	5645	17
42805	5646	17
11599	5647	17
37454	5648	17
41070	5649	17
40386	5650	17
45459	5651	17
37448	5652	17
15573	5653	17
45192	5654	17
29211	5655	17
31172	5656	17
47854	5657	17
34034	5658	17
40211	5659	17
4904	5660	17
25430	5661	17
37877	5662	17
11126	5663	17
15344	5664	17
9198	5665	17
12037	5666	17
3633	5667	17
3180	5668	17
26041	5669	17
27941	5670	17
12514	5671	17
21979	5672	17
43037	5673	17
13944	5674	17
42189	5675	17
35583	5676	17
38249	5677	17
15227	5678	17
7271	5679	16
30410	5680	16
9891	5681	16
3055	5682	16
3951	5683	16
22496	5684	16
14979	5685	16
34222	5686	16
6476	5687	16
24852	5688	16
40345	5689	16
28973	5690	16
22238	5691	16
36449	5692	16
43747	5693	16
25895	5694	16
22247	5695	16
7937	5696	16
15190	5697	16
10315	5698	16
32076	5699	16
46141	5700	16
34530	5701	16
45522	5702	16
2439	5703	16
8416	5704	16
38547	5705	16
48385	5706	16
21491	5707	16
27994	5708	16
9404	5709	16
42929	5710	16
10121	5711	16
26089	5712	16
24124	5713	16
8974	5714	16
25154	5715	16
30748	5716	16
23665	5717	16
15933	5718	16
46253	5719	16
19447	5720	16
29084	5721	16
12890	5722	16
27580	5723	16
16833	5724	16
29913	5725	16
35649	5726	16
3118	5727	16
7656	5728	16
43661	5729	16
30926	5730	16
29210	5731	16
31235	5732	16
13995	5733	16
25127	5734	16
27877	5735	16
40719	5736	16
18954	5737	16
25841	5738	16
37275	5739	16
28942	5740	16
7036	5741	16
39235	5742	16
28711	5743	16
40260	5744	16
24560	5745	16
7107	5746	16
5543	5747	15
14130	5748	15
24304	5749	15
47769	5750	15
7000	5751	15
12478	5752	15
44823	5753	15
17234	5754	15
23059	5755	15
47263	5756	15
40205	5757	15
31319	5758	15
20186	5759	15
42643	5760	15
42207	5761	15
23297	5762	15
46011	5763	15
20034	5764	15
3483	5765	15
23396	5766	15
7689	5767	15
26264	5768	15
25970	5769	15
43578	5770	15
16441	5771	15
40333	5772	15
8114	5773	15
8054	5774	15
30714	5775	15
39506	5776	15
20463	5777	15
8706	5778	15
20025	5779	15
42231	5780	15
27810	5781	15
30916	5782	15
12817	5783	15
43134	5784	15
20662	5785	15
26121	5786	15
7650	5787	15
26522	5788	15
18213	5789	15
48374	5790	15
8276	5791	15
45485	5792	15
10135	5793	15
47220	5794	15
31149	5795	15
20756	5796	15
8891	5797	15
7490	5798	15
39740	5799	15
14440	5800	15
35905	5801	15
42373	5802	15
25034	5803	15
6870	5804	15
23910	5805	15
17486	5806	15
20449	5807	15
45154	5808	15
11553	5809	15
41116	5810	15
48086	5811	15
48582	5812	15
6154	5813	15
8670	5814	15
31592	5815	14
47740	5816	14
29442	5817	14
44215	5818	14
47562	5819	14
44412	5820	14
12926	5821	14
43856	5822	14
6526	5823	14
21645	5824	14
6120	5825	14
33682	5826	14
30485	5827	14
5775	5828	14
3155	5829	14
13949	5830	14
5255	5831	14
40635	5832	14
32075	5833	14
32662	5834	14
19303	5835	14
27975	5836	14
21067	5837	14
2197	5838	14
1434	5839	14
729	5840	14
42561	5841	14
35326	5842	14
44797	5843	14
510	5844	14
3482	5845	14
13430	5846	14
31119	5847	14
46131	5848	14
8641	5849	14
27293	5850	14
20911	5851	14
29446	5852	14
38122	5853	14
28369	5854	14
3722	5855	14
35735	5856	14
19930	5857	14
4790	5858	14
35974	5859	14
21578	5860	14
5647	5861	14
589	5862	14
23119	5863	14
29444	5864	14
36973	5865	14
29593	5866	14
19220	5867	14
34475	5868	14
14384	5869	14
15021	5870	14
29434	5871	14
42870	5872	14
38440	5873	14
38996	5874	14
5094	5875	14
47230	5876	14
45872	5877	14
25172	5878	14
31677	5879	14
22508	5880	14
37603	5881	14
44678	5882	14
6501	5883	13
37291	5884	13
28761	5885	13
2391	5886	13
24907	5887	13
26114	5888	13
34993	5889	13
7077	5890	13
18088	5891	13
18916	5892	13
14364	5893	13
40679	5894	13
20115	5895	13
46036	5896	13
32694	5897	13
43078	5898	13
35987	5899	13
18717	5900	13
48455	5901	13
33005	5902	13
41334	5903	13
36424	5904	13
14352	5905	13
30597	5906	13
34065	5907	13
6746	5908	13
23208	5909	13
28616	5910	13
15998	5911	13
12699	5912	13
1246	5913	13
33675	5914	13
32095	5915	13
692	5916	13
45056	5917	13
3047	5918	13
36255	5919	13
2969	5920	13
21704	5921	13
16109	5922	13
44029	5923	13
21975	5924	13
44728	5925	13
31049	5926	13
29875	5927	13
4431	5928	13
20222	5929	13
26329	5930	13
22331	5931	13
12607	5932	13
30501	5933	13
7724	5934	13
10176	5935	13
29691	5936	13
12075	5937	13
34828	5938	13
16085	5939	13
23918	5940	13
32568	5941	13
42140	5942	13
38957	5943	13
13188	5944	13
6052	5945	13
1502	5946	13
18890	5947	13
29736	5948	13
20992	5949	13
30219	5950	12
24400	5951	12
5722	5952	12
36231	5953	12
26125	5954	12
37615	5955	12
45667	5956	12
3445	5957	12
37733	5958	12
10918	5959	12
21981	5960	12
48201	5961	12
46051	5962	12
3388	5963	12
35838	5964	12
59	5965	12
20397	5966	12
17886	5967	12
44824	5968	12
14928	5969	12
10127	5970	12
38800	5971	12
39167	5972	12
47357	5973	12
42834	5974	12
27728	5975	12
15715	5976	12
31366	5977	12
47114	5978	12
6451	5979	12
32993	5980	12
48321	5981	12
15534	5982	12
24094	5983	12
4051	5984	12
10362	5985	12
31100	5986	12
28635	5987	12
2608	5988	12
19179	5989	12
42135	5990	12
41701	5991	12
14735	5992	12
22620	5993	12
48526	5994	12
42341	5995	12
15151	5996	12
31037	5997	12
11494	5998	12
7245	5999	12
33147	6000	12
14585	6001	12
13816	6002	12
10855	6003	12
15820	6004	12
27618	6005	12
43571	6006	12
24033	6007	12
7123	6008	12
15824	6009	12
3214	6010	12
11422	6011	12
41585	6012	12
5670	6013	12
44607	6014	12
35712	6015	12
31071	6016	12
25655	6017	12
8287	6018	12
295	6019	11
44043	6020	11
9823	6021	11
17017	6022	11
8649	6023	11
29080	6024	11
15711	6025	11
45598	6026	11
39380	6027	11
47835	6028	11
4959	6029	11
46787	6030	11
12286	6031	11
6388	6032	11
10049	6033	11
15182	6034	11
45628	6035	11
10891	6036	11
36544	6037	11
31734	6038	11
30475	6039	11
28388	6040	11
4182	6041	11
5558	6042	11
12303	6043	11
36499	6044	11
31682	6045	11
35842	6046	11
36975	6047	11
33729	6048	11
18697	6049	11
28716	6050	11
7978	6051	11
18548	6052	11
20298	6053	11
35193	6054	11
3197	6055	11
5576	6056	11
27158	6057	11
38930	6058	11
11662	6059	11
8761	6060	11
8804	6061	11
8644	6062	11
10225	6063	11
21668	6064	11
18101	6065	11
20385	6066	11
27327	6067	11
42684	6068	11
10254	6069	11
39930	6070	11
43109	6071	11
33132	6072	11
4287	6073	11
17119	6074	11
36116	6075	11
2127	6076	11
11513	6077	11
34344	6078	11
10286	6079	11
34405	6080	11
15012	6081	11
39218	6082	11
9501	6083	11
8607	6084	11
26460	6085	11
37787	6086	10
47975	6087	10
2593	6088	10
25883	6089	10
47665	6090	10
26755	6091	10
13988	6092	10
4860	6093	10
28287	6094	10
11097	6095	10
26270	6096	10
488	6097	10
1106	6098	10
31939	6099	10
30818	6100	10
15388	6101	10
40244	6102	10
24721	6103	10
5785	6104	10
4337	6105	10
20050	6106	10
3179	6107	10
3101	6108	10
43414	6109	10
44338	6110	10
4116	6111	10
6555	6112	10
22141	6113	10
8600	6114	10
30365	6115	10
25642	6116	10
16380	6117	10
47248	6118	10
28180	6119	10
47805	6120	10
41977	6121	10
27010	6122	10
6111	6123	10
47493	6124	10
9476	6125	10
33028	6126	10
13753	6127	10
46973	6128	10
17166	6129	10
26914	6130	10
35453	6131	10
14168	6132	10
1819	6133	10
2078	6134	10
37797	6135	10
2916	6136	10
36655	6137	10
17283	6138	10
27377	6139	10
37889	6140	10
10468	6141	10
18845	6142	10
10147	6143	10
17188	6144	10
3797	6145	10
21248	6146	10
15033	6147	10
44847	6148	10
48510	6149	10
13047	6150	10
31468	6151	10
15797	6152	10
28607	6153	10
42130	6154	9
45071	6155	9
41424	6156	9
33805	6157	9
15875	6158	9
13907	6159	9
26664	6160	9
48467	6161	9
12063	6162	9
21827	6163	9
37411	6164	9
19643	6165	9
29297	6166	9
29172	6167	9
46767	6168	9
17495	6169	9
10802	6170	9
44045	6171	9
47209	6172	9
7548	6173	9
40340	6174	9
19765	6175	9
38367	6176	9
39747	6177	9
12338	6178	9
2040	6179	9
7995	6180	9
9567	6181	9
3080	6182	9
7013	6183	9
13445	6184	9
4572	6185	9
6606	6186	9
22997	6187	9
47376	6188	9
19348	6189	9
30747	6190	9
19736	6191	9
47325	6192	9
12554	6193	9
19197	6194	9
37595	6195	9
20019	6196	9
17720	6197	9
38795	6198	9
7593	6199	9
27521	6200	9
17972	6201	9
41245	6202	9
18047	6203	9
22986	6204	9
20855	6205	9
39413	6206	9
28522	6207	9
19089	6208	9
46970	6209	9
37883	6210	9
44059	6211	9
21533	6212	9
8224	6213	9
19027	6214	9
5732	6215	9
7227	6216	9
5690	6217	9
18521	6218	9
29648	6219	9
38130	6220	9
18126	6221	9
40055	6222	8
30253	6223	8
4210	6224	8
10780	6225	8
20240	6226	8
28209	6227	8
23995	6228	8
29601	6229	8
27246	6230	8
46555	6231	8
12000	6232	8
14415	6233	8
3845	6234	8
30951	6235	8
2359	6236	8
40385	6237	8
20779	6238	8
38283	6239	8
19724	6240	8
1427	6241	8
9323	6242	8
46038	6243	8
7944	6244	8
40951	6245	8
10883	6246	8
38927	6247	8
8056	6248	8
366	6249	8
48172	6250	8
26752	6251	8
35071	6252	8
1840	6253	8
41471	6254	8
44628	6255	8
30911	6256	8
11678	6257	8
29989	6258	8
12923	6259	8
19213	6260	8
28193	6261	8
40599	6262	8
26696	6263	8
29897	6264	8
4864	6265	8
32478	6266	8
6026	6267	8
47483	6268	8
25159	6269	8
8212	6270	8
10152	6271	8
12200	6272	8
24382	6273	8
30128	6274	8
4922	6275	8
44046	6276	8
25911	6277	8
47246	6278	8
34898	6279	8
42473	6280	8
34375	6281	8
28218	6282	8
9070	6283	8
24197	6284	8
2885	6285	8
28424	6286	8
7481	6287	8
7278	6288	8
17204	6289	8
15644	6290	7
17665	6291	7
6943	6292	7
24581	6293	7
2613	6294	7
44408	6295	7
35372	6296	7
23544	6297	7
24294	6298	7
45727	6299	7
10578	6300	7
11194	6301	7
26822	6302	7
40643	6303	7
30596	6304	7
15586	6305	7
9378	6306	7
26718	6307	7
14689	6308	7
10016	6309	7
5737	6310	7
48139	6311	7
26949	6312	7
45542	6313	7
22283	6314	7
31717	6315	7
28261	6316	7
23366	6317	7
41031	6318	7
36851	6319	7
26805	6320	7
7827	6321	7
32309	6322	7
35642	6323	7
38091	6324	7
18208	6325	7
26520	6326	7
41758	6327	7
19232	6328	7
39313	6329	7
12763	6330	7
383	6331	7
41784	6332	7
28413	6333	7
45604	6334	7
28867	6335	7
39714	6336	7
5497	6337	7
39627	6338	7
48212	6339	7
46584	6340	7
691	6341	7
10637	6342	7
39626	6343	7
38138	6344	7
40812	6345	7
43930	6346	7
13962	6347	7
1966	6348	7
38870	6349	7
47267	6350	7
27962	6351	7
22876	6352	7
35161	6353	7
456	6354	7
24302	6355	7
14414	6356	7
35350	6357	7
39424	6358	6
10425	6359	6
17814	6360	6
46750	6361	6
13663	6362	6
21312	6363	6
41565	6364	6
47984	6365	6
8972	6366	6
48330	6367	6
29482	6368	6
13416	6369	6
17712	6370	6
32679	6371	6
17380	6372	6
20589	6373	6
29260	6374	6
15389	6375	6
313	6376	6
119	6377	6
46711	6378	6
4421	6379	6
23265	6380	6
5584	6381	6
30383	6382	6
39894	6383	6
40082	6384	6
27092	6385	6
10108	6386	6
31335	6387	6
40349	6388	6
23705	6389	6
43662	6390	6
45939	6391	6
41819	6392	6
28646	6393	6
25769	6394	6
194	6395	6
48200	6396	6
15846	6397	6
9102	6398	6
16335	6399	6
38527	6400	6
5984	6401	6
25645	6402	6
39278	6403	6
9072	6404	6
1954	6405	6
15979	6406	6
29821	6407	6
12826	6408	6
2729	6409	6
28386	6410	6
17917	6411	6
12339	6412	6
10404	6413	6
23821	6414	6
45765	6415	6
22499	6416	6
10126	6417	6
45493	6418	6
42830	6419	6
43326	6420	6
44047	6421	6
16127	6422	6
36715	6423	6
37456	6424	6
19986	6425	6
2094	6426	6
17007	6427	5
33750	6428	5
8667	6429	5
10916	6430	5
8547	6431	5
3359	6432	5
34399	6433	5
48249	6434	5
2645	6435	5
42219	6436	5
450	6437	5
3142	6438	5
22215	6439	5
33172	6440	5
44212	6441	5
2754	6442	5
43378	6443	5
42535	6444	5
34958	6445	5
16026	6446	5
39508	6447	5
37300	6448	5
16327	6449	5
37051	6450	5
45367	6451	5
31661	6452	5
17034	6453	5
20055	6454	5
1248	6455	5
9921	6456	5
14526	6457	5
46370	6458	5
11271	6459	5
27806	6460	5
9087	6461	5
36709	6462	5
6692	6463	5
36054	6464	5
38481	6465	5
14587	6466	5
13615	6467	5
16831	6468	5
1177	6469	5
37803	6470	5
21700	6471	5
2735	6472	5
26602	6473	5
38285	6474	5
4862	6475	5
6133	6476	5
45214	6477	5
37039	6478	5
32858	6479	5
3093	6480	5
19974	6481	5
6459	6482	5
39502	6483	5
43766	6484	5
3972	6485	5
30236	6486	5
18710	6487	5
39988	6488	5
24919	6489	5
16917	6490	5
39776	6491	5
33358	6492	5
11761	6493	5
27769	6494	5
37846	6495	4
20890	6496	4
21673	6497	4
33647	6498	4
33667	6499	4
33621	6500	4
30632	6501	4
45710	6502	4
27712	6503	4
15288	6504	4
5235	6505	4
3311	6506	4
42033	6507	4
34544	6508	4
32172	6509	4
5033	6510	4
15373	6511	4
26716	6512	4
2991	6513	4
4814	6514	4
9394	6515	4
41288	6516	4
15553	6517	4
44587	6518	4
47636	6519	4
4302	6520	4
40434	6521	4
400	6522	4
18456	6523	4
45812	6524	4
48384	6525	4
22133	6526	4
21884	6527	4
10781	6528	4
14811	6529	4
40651	6530	4
9179	6531	4
35039	6532	4
2594	6533	4
20114	6534	4
19567	6535	4
8504	6536	4
12365	6537	4
36846	6538	4
18585	6539	4
9954	6540	4
37282	6541	4
15870	6542	4
11823	6543	4
41281	6544	4
48514	6545	4
22450	6546	4
26177	6547	4
8883	6548	4
16449	6549	4
29431	6550	4
18831	6551	4
26832	6552	4
656	6553	4
19793	6554	4
32404	6555	4
16220	6556	4
43682	6557	4
12927	6558	4
15051	6559	4
48210	6560	4
17965	6561	4
29963	6562	4
23084	6563	3
11853	6564	3
47676	6565	3
28701	6566	3
20456	6567	3
37230	6568	3
45831	6569	3
3890	6570	3
17470	6571	3
34752	6572	3
29072	6573	3
44953	6574	3
45989	6575	3
16425	6576	3
5918	6577	3
33483	6578	3
47720	6579	3
46368	6580	3
3578	6581	3
35200	6582	3
45961	6583	3
23641	6584	3
15818	6585	3
10018	6586	3
48082	6587	3
34704	6588	3
22552	6589	3
20587	6590	3
36616	6591	3
5554	6592	3
47796	6593	3
44037	6594	3
23807	6595	3
15795	6596	3
932	6597	3
40721	6598	3
15070	6599	3
12827	6600	3
8141	6601	3
12772	6602	3
37341	6603	3
29421	6604	3
22581	6605	3
1452	6606	3
18711	6607	3
29317	6608	3
36978	6609	3
952	6610	3
7442	6611	3
34778	6612	3
27663	6613	3
14736	6614	3
5640	6615	3
1970	6616	3
34149	6617	3
676	6618	3
13271	6619	3
35355	6620	3
16119	6621	3
25499	6622	3
45987	6623	3
36990	6624	3
1672	6625	3
1344	6626	3
24551	6627	3
6143	6628	3
47006	6629	3
41900	6630	3
33501	6631	2
25416	6632	2
37325	6633	2
40910	6634	2
30718	6635	2
36574	6636	2
9244	6637	2
18927	6638	2
4563	6639	2
20404	6640	2
22188	6641	2
41509	6642	2
46277	6643	2
23663	6644	2
28127	6645	2
26300	6646	2
24145	6647	2
18583	6648	2
47639	6649	2
18230	6650	2
42539	6651	2
16580	6652	2
43657	6653	2
32128	6654	2
47427	6655	2
2251	6656	2
18437	6657	2
38234	6658	2
12412	6659	2
1676	6660	2
36317	6661	2
15906	6662	2
43927	6663	2
26289	6664	2
8262	6665	2
4525	6666	2
35946	6667	2
41555	6668	2
23659	6669	2
24714	6670	2
2111	6671	2
33289	6672	2
19954	6673	2
11623	6674	2
41356	6675	2
21241	6676	2
8868	6677	2
44107	6678	2
39500	6679	2
24556	6680	2
34085	6681	2
25634	6682	2
36007	6683	2
35393	6684	2
2450	6685	2
34076	6686	2
14852	6687	2
40697	6688	2
4449	6689	2
30541	6690	2
17287	6691	2
5298	6692	2
958	6693	2
38366	6694	2
33946	6695	2
22061	6696	2
12196	6697	2
22823	6698	2
39692	6699	1
48594	6700	1
28831	6701	1
11117	6702	1
41503	6703	1
36195	6704	1
33160	6705	1
35387	6706	1
1900	6707	1
6456	6708	1
47130	6709	1
21462	6710	1
21060	6711	1
28523	6712	1
9658	6713	1
1899	6714	1
41913	6715	1
13630	6716	1
24135	6717	1
18058	6718	1
22189	6719	1
15303	6720	1
32984	6721	1
42883	6722	1
27552	6723	1
7502	6724	1
5686	6725	1
37610	6726	1
22491	6727	1
42635	6728	1
3196	6729	1
29476	6730	1
712	6731	1
18189	6732	1
22629	6733	1
6272	6734	1
40316	6735	1
12825	6736	1
16954	6737	1
29077	6738	1
12012	6739	1
36908	6740	1
4840	6741	1
1651	6742	1
11660	6743	1
16432	6744	1
19142	6745	1
42052	6746	1
757	6747	1
32740	6748	1
21818	6749	1
37357	6750	1
43408	6751	1
17812	6752	1
20575	6753	1
28599	6754	1
26477	6755	1
43787	6756	1
32657	6757	1
41297	6758	1
20710	6759	1
11377	6760	1
38133	6761	1
36857	6762	1
20891	6763	1
44018	6764	1
10496	6765	1
13540	6766	1
21911	6767	0
45484	6768	0
36565	6769	0
38280	6770	0
27497	6771	0
16543	6772	0
45374	6773	0
23333	6774	0
7120	6775	0
43758	6776	0
12679	6777	0
2110	6778	0
48491	6779	0
28813	6780	0
43107	6781	0
33275	6782	0
44709	6783	0
844	6784	0
11102	6785	0
8902	6786	0
45661	6787	0
35344	6788	0
47632	6789	0
31708	6790	0
29458	6791	0
8189	6792	0
9020	6793	0
47123	6794	0
47572	6795	0
28221	6796	0
24559	6797	0
38385	6798	0
27245	6799	0
16695	6800	0
